,id,name,alias1,alias2,alias3,gek,predicates,studbookId,father,fatherId,mother,motherId,fatherOfMother,fatherOfMotherId,year,studbook,reg,fei,redId,sex,chipnumber,isDeceased
0,2461135,TARZAN,,,,,,4.0,LE BLUE DIAMOND V'T RUYTERSHOF,1479481.0,GASKIA VAN DE HOENDERHEIDE,1943878.0,ORLANDO,6939.0,2019,BWP (Belgium Warmblood),056002W00324321,,1622855.0,1,,False
1,2461121,COOL THUNDER,,,,,,12.0,COLMAN,17031.0,FIETA,207204.0,FOR PLEASURE,15154.0,2019,Hannoveraner Verband e.V,,,1622841.0,0,,False
2,2461118,FOR SPECIAL PLEASURE,,,,,,12.0,FOR PLEASURE,15154.0,SPECIAL SUNRISE,1663927.0,SPECIAL MEMORIES,263884.0,2019,Hannoveraner Verband e.V,,,1622838.0,0,,False
3,2461035,OSORNO,,,,,,1.0,CYBER BOY,1799926.0,DOREEN VAN DE LINGEHOEVE,2040983.0,GLOCK'S LONDON,117863.0,2019,KWPN (Royal Dutch Sporthorse),528003201908613,,1622765.0,0,,False
4,2460920,CASALIN,,,,,,27.0,CASALAM LS,2045010.0,STECY,47284.0,VOLTAIRE,31.0,2019,Cr. de Caballo Dep. Mexicanos,,,1622593.0,1,,False
5,2460911,CARAVELLA PRO,CARAVELLA-PRO,,,,,7.0,CONCALIDO-PRO,1977417.0,SAWANNAH,2209667.0,LANDJONKER S,546005.0,2019,Anglo European Studbook,826002190887161,,1622584.0,2,,False
6,2460838,C,,,,WESTF,,13.0,CORNADO I,102430.0,CRACKER JANE,588024.0,CORONINO,20482.0,2019,Westfälisches Pferdestammbuch e.V.,276441410812019,,1622426.0,0,,False
7,2460837,THADDEUS MF,,,,WESTF,,13.0,TALOUBET Z,85845.0,U-CASHIRA-S,1988769.0,CASH AND CARRY,89458.0,2019,Westfälisches Pferdestammbuch e.V.,276441411272219,,1622423.0,0,,False
8,2460771,RENAISSANCE RD,,,,,,52.0,OBOS QUALITY 004,193952.0,,,,,2019,Irish Sport Horse,372414020443651,,1622323.0,2,,False
9,2460662,OMINE,,,,,"D-OC, ster, voorl.keur",1.0,JUBEL ES,1648702.0,HALINE,2021955.0,WARRANT,36412.0,2019,KWPN (Royal Dutch Sporthorse),528003201901236,,1622245.0,2,,False
10,2460586,SWEET DREAM,,,,,Hann. Prämienstute,12.0,SANDRO HIT,2686.0,DREAMDATE,1936494.0,DIMAGGIO,122445.0,2019,Hannoveraner Verband e.V,276431310809919,,1622160.0,2,,False
11,2460559,ONILY BALIA O,,,,,EPTM(spr),1.0,POKER DE MARIPOSA TN,1969522.0,HESTER-BALIA O,1817262.0,CANABIS Z,40395.0,2019,KWPN (Royal Dutch Sporthorse),528003201908975,,1622133.0,2,,False
12,2460548,JACOBA,,,,,,509.0,OMER 493,2460550.0,ZANDRA FAN BARTLEHIEM,2460557.0,,,2019,Koninklijk Friesch Paardenstamboek,528004201900942,,1622127.0,2,,False
13,2460540,CLARITY BGS,,,,,,2.0,CLARIMO,84550.0,QUELLE ANGE,1524434.0,QUIDAM DE REVEL,1061.0,2019,Holsteiner Verband,276421000360719,,1622124.0,1,,False
14,2460516,DJANGO,,,,,,26.0,DESIRAO XX,211244.0,SORAYA,2460515.0,FBW LACANDO DE L,528923.0,2019,Baden Württemberg - Pferdezuchtverband ,276373730501619,,1622050.0,0,,False
15,2460486,AWESOME VAN WWW.OLLAND.BIZ,AWESOME VAN WWWOLLANDBIZ,AWESOME VAN WWW OLLAND BIZ,,,,7.0,ADSL VAN WWW.OLLAND.BIZ,1969512.0,COCO,1814733.0,VERDI TN,43162.0,2019,Anglo European Studbook,826002190885881,,1622020.0,0,,False
16,2460484,C,,,,,,60.0,CHACGRANO,1673133.0,LONDON'S STAKKI PS,2359122.0,GLOCK'S LONDON,117863.0,2019,Oldenburg International,276418185063019,,1622018.0,1,,False
17,2460464,DAIANA DU MAS D'EOLE Z,,,,,,5.0,DUNHOWEN DU HAS,1858083.0,CLOVER-QUEEN Z,1973987.0,COOPER VAN DE HEFFINCK,175320.0,2019,Zangersheide,056015Z55411419,,1621987.0,2,,False
18,2460463,OILILY,,,,,"D-OC, Elite, IBOP(spr)",1.0,NUMERO DUE,670385.0,WILHELMINA,142708.0,KORIANDER,1449.0,2019,KWPN (Royal Dutch Sporthorse),528003201901169,,1621984.0,2,,False
19,2460459,DOUGLAS DU MAS D'EOLE Z,DOUGLAS DU MAS D EOLE Z,DOUGLAS DU MAS DEOLE Z,,,,5.0,DARIUS DU KASAI,1630284.0,HOTESSE DU MAS D'EOLE,1736053.0,DIABEAU VAN DE HEFFINCK,117866.0,2019,Zangersheide,056015Z55411119,,1621977.0,1,,False
20,2460455,OUR TOTO,,,,,,1.0,TRAFALGAR,1683966.0,GOODLOOKING DAZA,678298.0,ROUSSEAU,2640.0,2019,KWPN (Royal Dutch Sporthorse),528003201906745,,1621970.0,0,,False
21,2460450,DAKOTA'S DIAMOND Z,DAKOTA S DIAMOND Z,DAKOTAS DIAMOND Z,,,,5.0,DUNHOWEN DU HAS,1858083.0,IKIARA DIAMOND DE SCLEF,2460448.0,CICERO Z VAN PAEMEL,45370.0,2019,Zangersheide,056015Z55411519,,1621959.0,2,,False
22,2460444,D,,,,,,60.0,DIARON OLD,1682523.0,CHADERA,2375928.0,CHACCO-BLUE,118901.0,2019,Oldenburg International,276418185027719,,1621939.0,0,,False
23,2460415,T-CORNET DP,,,,,,426.0,CORNET OBOLENSKY,34480.0,CEROLINE,2459350.0,CASTELAN II,596401.0,2019,Onbekend,,,1621889.0,1,,False
24,2460403,LUMPI,,,,,,60.0,LOVELESS,1587596.0,W-GJANJE,502348.0,GRAF GRANNUS,15136.0,2019,Oldenburg International,276418180362519,,1621762.0,0,,False
25,2460400,LILLET,,,,,,60.0,ORIGI D'O,1661292.0,MERLE V,502346.0,MARLO,21048.0,2019,Oldenburg International,276418180529819,,1621759.0,2,,False
26,2460348,C,,,,,,60.0,CLEAR HEART,1756425.0,STAKKANDILA,2460343.0,STAKKATOL,285812.0,2019,Oldenburg International,276418185023519,,1621663.0,0,,False
27,2460312,C,,,,,,60.0,CONTHARGOS,396837.0,CHACCDELLA,2340662.0,CHACCO-BLUE,118901.0,2019,Oldenburg International,276418180017019,,1621576.0,1,,False
28,2460287,C,,,,,,43.0,CAROLY,724011.0,CHACCONETTE,2072427.0,CHACCO-BLUE,118901.0,2019,Mecklenburg,276427270207419,,1621516.0,1,,False
29,2460248,CICERO,,,,,,443.0,LE DUC,2046024.0,CYGANERIA,2460244.0,LIMASOL,531808.0,2019,Polski kon sportowy,616009610216419,,1621436.0,0,,False
30,2460247,CAREWNA,,,,,,116.0,CYRILL,1969606.0,CYGANKA,1846529.0,ELLIOT,145984.0,2019,Deutsches Sportpferd,276456560396219,,1621429.0,2,,False
31,2460200,CARPE DIEM,,,,,,443.0,DILMAR,1833891.0,CARIA,2373785.0,TALENT CHARBONIERE,270684.0,2019,Polski kon sportowy,616009520014619,,1621228.0,0,,False
32,2460199,VANCOUVER BLUE,,,,,,13.0,VANCOUVER D'AUVRAY,39316.0,AIRLINE Z,2460196.0,ASCA Z,83989.0,2019,Westfälisches Pferdestammbuch e.V.,276441411220719,,1621227.0,0,,False
33,2460166,ELLE VAN EECKELGHEM Z,,,,,,5.0,ELDORADO VAN DE ZESHOEK TN,174917.0,DIJON D' INTRO Z,2211264.0,DENZEL V'T MEULENHOF,540375.0,2019,Zangersheide,056015Z55651819,,1621195.0,2,,False
34,2460137,CORSALL,,,,,,80.0,CORNETTINO ASK,1533022.0,GABRIELLA,685525.0,ALICANTE,73332.0,2019,Norwegian Warmblood Association,,,1621128.0,1,,False
35,2460134,BOHEMIAN RHAPSODYX,,,,,,513.0,CASALLCO,699923.0,BRIXSIA,121142.0,CONCORDE,525.0,2019,Sella Italiano,,,1621125.0,0,,False
36,2460001,CON LADY,,,,,,6.0,HICKSTEAD WHITE,1678184.0,CON GIRL,723645.0,CON CAPITOL,29587.0,2019,Oldenburger Verband,,,1620691.0,2,,False
37,2459985,SAUVAGE DES BIARDS CH,,,,,,29.0,WIVEAU M,87783.0,ONAIA DES BIARDS,403093.0,GUN DU MESNIL DAN,299830.0,2019,Swiss Warmblood (Zuchtverband CH-Sportpferde),756018001147150,,1620667.0,1,,False
38,2459972,DUA LIPA Z,,,,,,5.0,DON VHP Z N.O.P.,655537.0,TIVOLI,1574847.0,ROSSINI,10519.0,2019,Zangersheide,056015Z55326719,,1620655.0,2,,False
39,2459938,CASALINA,,,,,,2.0,CASALL,49609.0,A-CASSINA I,1570839.0,CASSINI I,443.0,2019,Holsteiner Verband,276421000527819,,1620589.0,2,,False
40,2459934,THE LADY RSH,,,,,,4.0,TANGELO VAN DE ZUUTHOEVE,2723.0,JALVARA,2275148.0,CALVARO Z,25365.0,2019,BWP (Belgium Warmblood),056002W00324664,,1620565.0,2,,False
41,2459917,TRES JOLIE VH MOLENHOF,TRES JOLIE VAN HET MOLENHOF,,,,,4.0,NIXON VAN 'T MEULENHOF,1656408.0,FORT AMOUR VH MOLENHOF Z,1851136.0,FOR PLEASURE,15154.0,2019,BWP (Belgium Warmblood),056002W00322514,,1620494.0,2,,False
42,2459894,SN RAFIKI,,,,,,23.0,ROMEO,1492989.0,DALIA,2459885.0,DANCIER,98938.0,2019,Danish Warmblood,208333DW1902499,,1620422.0,1,,False
43,2459870,FOX DU KESKE Z,,,,,,5.0,FOREVER D'ARCO TER LINDEN,266577.0,LAERTE DU KESKE,2141869.0,LE DIAMANT HORTA,667521.0,2019,Zangersheide,056015Z55348919,,1620352.0,0,,False
44,2459853,HEDGEFUND DE JARSAY Z,,,,ZANG,,5.0,HORTAXE DU SEIGNEUR,1771495.0,REDBUTERFLY DE JARSAY,1958302.0,PAPILLON ROUGE,1074.0,2019,Zangersheide,25000119710347J,,,0,,False
45,2459852,JUMP OFF DK,,,,ZANG,,10.0,MYLORD CARTHAGO,102258.0,VIALOTTA D'ICK,487193.0,DIAMANT DE SEMILLY,33956.0,2019,Selle Francais,25000119399498N,,,0,,False
46,2459849,TRACY,,,,,,4.0,LEANDRO VG,1557014.0,WOKINA,2159928.0,JOKINAL DE BORNIVAL,7225.0,2019,BWP (Belgium Warmblood),056002W00334536,,1620304.0,2,,False
47,2459822,COM CERENA SB Z,,,,,,5.0,COMILFO PLUS Z,727565.0,CERENA SB,209546.0,CONTENDRO I,8783.0,2019,Zangersheide,056015Z55598819,,1620967.0,2,,False
48,2459813,TITSKE VAN HET GRENSKE,,,,,,4.0,ZIROCCO BLUE VDL,170812.0,JITSKE.S,1499337.0,KASHMIR VAN SCHUTTERSHOF,34784.0,2019,BWP (Belgium Warmblood),056-002-W00321632,,,2,,False
49,2459800,OPHRAH M,,,,,VB,1.0,VERDI TN,43162.0,SIENNA I,553708.0,CARDINO,56295.0,2019,KWPN (Royal Dutch Sporthorse),528003201908671,,,2,,False
50,2459798,PARFAIT D'AMOUR Z,PARFAIT D AMOUR Z,PARFAIT DAMOUR Z,,,,5.0,PARFAIT VAN HET SCHAECK,1969459.0,EVITA,452436.0,CONTADOR,267147.0,2019,Zangersheide,056015Z55338319,,,1,,False
51,2459764,ORONA C,,,,,,1.0,ILSON,1975358.0,VERONA H,154561.0,INSPEKTEUR,3036.0,2019,KWPN (Royal Dutch Sporthorse),528003201908847,,,2,,False
52,2459700,I-NATHALIE,I NATHALIE,INATHALIE,,,,13.0,NARTAGO,101731.0,I-CATHARINA,2459698.0,CONTHARGOS,396837.0,2019,Westfälisches Pferdestammbuch e.V.,276441410981119,,,2,,False
53,2459536,DON CHAP Z,,,,,,5.0,DOMINATOR Z,1684104.0,CAPRICE,2459528.0,CHAP I,359513.0,2019,Zangersheide,056015Z55218319,,,0,,False
54,2459346,JAFRANE DE CHALUSSE,,,,,,10.0,UNTOUCHABLE,46156.0,PRUNE DE CHALUSSE,1647082.0,VIGO D'ARSOUILLES,69655.0,2019,Selle Francais,25000119389988A,,1620219.0,2,,False
55,2459314,HERCULES VALMAR,,,,,,437.0,SPARTACUS TN,380926.0,ELFRIEDE MORGENSTER,1495549.0,CANTURANO I,83992.0,2019,Chile: Libro Studbook de Chile,,,1620177.0,1,,False
56,2459068,JIVA DE RAVEL,,,,,,10.0,OGRION DES CHAMPS,145969.0,URVANA DE RAVEL,1724668.0,LE TOT DE SEMILLY,8832.0,2019,Selle Francais,25000119356760S,,1619801.0,2,,False
57,2458923,COQUETTE VAN DE BEGIJNAKKER Z,,,,,,5.0,CONTHARGOS,396837.0,I FLYING SMOOTH Z,2284841.0,INDOCTRO,1937.0,2019,Zangersheide,056015z55546919,,1619381.0,2,,False
58,2458916,HECTOR VAN DE HOLSTEEN,,,,,,5.0,SCUDERIA 1918 HALIFAX VAN HET KLUIZEBOS,517369.0,MIRA VAN HET KUNSELHOF,1545242.0,VIGO D'ARSOUILLES,69655.0,2019,Zangersheide,056015Z55595319,,1619329.0,1,,False
59,2458854,TEQUILA,,,,,,4.0,MARACANA,1958422.0,RUBINETTE,253970.0,RUBINSTEIN I,2200.0,2019,BWP (Belgium Warmblood),056-002-W00322274,,1619215.0,2,,False
60,2458712,HOLLY DOLLY VAN DE HOLSTEEN Z,,,,,,5.0,SCUDERIA 1918 HALIFAX VAN HET KLUIZEBOS,517369.0,MIRA VAN HET KUNSELHOF,1545242.0,VIGO D'ARSOUILLES,69655.0,2019,Zangersheide,056015Z55595419,,1619054.0,2,,False
61,2458710,CLEO VAN DE HOLSTEEN Z,,,,,,5.0,CORYDON VAN T&L,1588453.0,LIRENCO VAN 'T KIEVELD,709103.0,VIGO D'ARSOUILLES,69655.0,2019,Zangersheide,056015Z55595519,,1619051.0,2,,False
62,2458707,CORNEEL VAN DE HOLSTEEN,,,,,,5.0,CORYDON VAN T&L,1588453.0,LIRENCO VAN 'T KIEVELD,709103.0,VIGO D'ARSOUILLES,69655.0,2019,Zangersheide,056015Z55595619,,1619047.0,1,,False
63,2458695,AMON VAN DE HOLSTEEN Z,,,,,,5.0,AKTION PUR Z,48638.0,JAMAICA ST. GHYVAN,463194.0,QUIDAM DE REVEL,1061.0,2019,Zangersheide,056015Z55552719,,1619035.0,1,,False
64,2458684,ODILIO AL,,,,,D-OC,1.0,FERDINAND,1540319.0,KATHO,2169276.0,NEGRO,1981.0,2019,KWPN (Royal Dutch Sporthorse),528003201910180,,1619023.0,0,,False
65,2458674,SUPERB,,,,,,12.0,SECRET,1900091.0,DESIREE,1683800.0,DE NIRO,3254.0,2019,Hannoveraner Verband e.V,276431310120319,,1619013.0,2,,False
66,2458610,JOYCE DU GOLFE,,,,,,10.0,MYLORD CARTHAGO,102258.0,FIRENZE VAN HET WATERSCHOOT,1783209.0,QUERLYBET HERO,12781.0,2019,Selle Francais,25000119385867E,,1618861.0,2,,False
67,2458606,CAJESCA,,,,,,116.0,IOWA VDL,1477721.0,CANDIDA,2458607.0,ACORUS,268222.0,2019,Deutsches Sportpferd,276455550426319,,1618854.0,2,,False
68,2458599,JAITRO D'OUILLY,JAITRO D OUILLY,JAITRO DOUILLY,,,,10.0,DIAMANT DE SEMILLY,33956.0,FAST D'OUILLY,2458598.0,ARKO III,3421.0,2019,Selle Francais,25000119710784J,,1618847.0,0,,False
69,2458595,JOY D'OUILLY,JOY D OUILLY,JOY DOUILLY,,,,10.0,DOLLAR DU ROUET,1859286.0,FORTUNA D'OUILLY,2116842.0,QLASSIC BOIS MARGOT,462223.0,2019,Selle Francais,25000119386082W,,1618843.0,2,,False
70,2458589,JABADAO SAINT PAER,,,,,,10.0,QUERLYBET HERO,12781.0,SAPPHO D'OUILLY,1618662.0,QUAPRICE BOIS MARGOT,56610.0,2019,Selle Francais,25000119390206N,,1618837.0,0,,False
71,2458582,JASMINE D'OUILLY,JASMINE D OUILLY,JASMINE DOUILLY,,,,10.0,UNTOUCHABLE,46156.0,OSIRIS D'OUILLY,692379.0,QUICK STAR,2179.0,2019,Selle Francais,25000119386457N,,1618830.0,2,,False
72,2458577,JAREB D'OUILLY,JAREB D OUILLY,JAREB DOUILLY,,,,10.0,MYLORD CARTHAGO,102258.0,CASSIOPEE D'OUILLY,2458576.0,LANDO,96473.0,2019,Selle Francais,25000119710785H,,1618825.0,0,,False
73,2458571,JEWEL D'OUILLY,JEWEL D OUILLY,JEWEL DOUILLY,,,,10.0,DIAMANT DE SEMILLY,33956.0,TEFNOUT D'OUILLY,742191.0,POOR BOY,8030.0,2019,Selle Francais,25000119710816Z,,1618819.0,0,,False
74,2458569,JUPITER D'OUILLY,JUPITER D OUILLY,JUPITER DOUILLY,,,,10.0,MYLORD CARTHAGO,102258.0,EVE D'OUILLY,2227934.0,QLASSIC BOIS MARGOT,462223.0,2019,Selle Francais,25000119392224U,,1618817.0,0,,False
75,2458543,TONY STARK,,,,,,13.0,TALLMANN TN,1625204.0,LA TAKKATA-KL,1856219.0,CASIRO I,124100.0,2019,Westfälisches Pferdestammbuch e.V.,,,1618693.0,1,,False
76,2458423,OTIS BLUE-RIJKE,OTIS BLUE RIJKE,,,,"D-OC, prok",1.0,ZIROCCO BLUE VDL,170812.0,FADORIJKE,590018.0,BOSS,366962.0,2019,KWPN (Royal Dutch Sporthorse),528003201905489,,1618570.0,2,,False
77,2458411,BAD BOY CRAZY Z,,,,,,5.0,BRUNETTI Z,1680067.0,RIVIERA CREOLE,1717810.0,QUIDAM DE REVEL,1061.0,2019,Zangersheide,25000119376089H,,1618558.0,0,,False
78,2458377,KING OF HEART,,,,,,8.0,TOUCH MY HEART,735506.0,KARVINA,1638521.0,COURACIUS,126518.0,2019,Trakehner,,,1618530.0,1,,False
79,2458353,ZUCLANDA,,,,,,443.0,LARRON,257708.0,ZISZA'LANKA,2458351.0,ZUCCA,239130.0,2019,Polski kon sportowy,616009670026819,,1618447.0,2,,False
80,2458348,SERUPGAARDS FLOR DE CANA,,,,,,23.0,FIDERTANZ,45313.0,DAIQUIRI,382325.0,JAZZ,1186.0,2019,Danish Warmblood,208333DW1902191,,1618437.0,2,,False
81,2458335,JARPEGGIO DE KERGANE,,,,SF,,10.0,EOTHYMM DE KERGANE,1872189.0,PAVINIA DE KERGANE,1660969.0,ELAN DE LA COUR,98401.0,2019,Selle Francais,25000119379421L,,1618380.0,0,,False
82,2458334,JUMPY DE LA MESLOIRE,,,,SF,,10.0,MONTENDER,6449.0,LUMIERE DU BRUN,2458333.0,ROSIRE,47056.0,2019,Selle Francais,25000119395478H,,1618377.0,0,,False
83,2458330,JENTLEMAN DE BELHEME,,,,SF,,10.0,VAGABOND DE LA POMME,102212.0,SOUDAINE DU MONTET,1898775.0,CORNET OBOLENSKY,34480.0,2019,Selle Francais,25000119401073B,,1618373.0,0,,False
84,2458329,JACKPOT D ELBE,,,,SF,,10.0,CONNOR,357845.0,GIRL D'ELBE,159730.0,ALFA D'ELLE,83698.0,2019,Selle Francais,25000119362135A,,1618372.0,0,,False
85,2458328,JIM DE BREKKA,,,,SF,,10.0,EMERALD VAN 'T RUYTERSHOF,196504.0,ELYRIA DE BREKKA,2294981.0,DAYTON SITTE,753656.0,2019,Selle Francais,25000119377068T,,1618371.0,0,,False
86,2458327,JAZZ COT CHAT,,,,SF,,10.0,CLASSIC ORANGE Z,1958457.0,OBONNY DES HAYETTES,1682130.0,BANBOULA DU THOT,143694.0,2019,Selle Francais,25000119383611G,,1618370.0,0,,False
87,2458326,JAKARTA D'AIGUILLY,,,,SF,,10.0,DIAMANT DE SEMILLY,33956.0,UTAH D'AIGUILLY,1762189.0,KASHMIR VAN SCHUTTERSHOF,34784.0,2019,Selle Francais,25000119382167B,,1618369.0,0,,False
88,2458325,JAGUAR DES JOANINS,,,,SF,,10.0,KANNAN GFE,42058.0,ESHA MAIL,1649121.0,IOWA 960,6833.0,2019,Selle Francais,25000119348866Y,,1618368.0,0,,False
89,2458324,JIMBAHO DES GREVIS,,,,SF,,10.0,EMERALD VAN 'T RUYTERSHOF,196504.0,OLYMPE DE COQUERIE,351931.0,HEARTBREAKER,1002.0,2019,Selle Francais,25000119377075L,,1618366.0,0,,False
90,2458322,JAHZ DES AULNES,,,,SF,,10.0,QLASSIC BOIS MARGOT,462223.0,DIVA DU MONT,753765.0,ORLANDO,6939.0,2019,Selle Francais,25000119396380C,,1618364.0,0,,False
91,2458321,J'ACCUSE BOISMARGOT,J ACCUSE BOISMARGOT,JACCUSE BOISMARGOT,,SF,,10.0,QLASSIC BOIS MARGOT,462223.0,ROSEE DE LA HAYE,1743201.0,QUAPRICE BOIS MARGOT,56610.0,2019,Selle Francais,25000119396367R,,1618363.0,0,,False
92,2458320,JOLLY BOY DES ETANGS,,,,SF,,10.0,MYLORD CARTHAGO,102258.0,FLEURDESEL DES ETANGS,2294155.0,CON AIR,75358.0,2019,Selle Francais,25000119400427D,,1618362.0,0,,False
93,2458301,ODURA S,,,,,,1.0,HOTSPOT,1684294.0,SONCORDA,225901.0,CONCORDE,525.0,2019,KWPN (Royal Dutch Sporthorse),528003201903755,,1618343.0,2,,False
94,2458227,O,,,,,,1.0,FONTAINE TN,1916233.0,GILLA,698984.0,WYNTON,86568.0,2019,KWPN (Royal Dutch Sporthorse),528003201910656,,1618154.0,2,,False
95,2458207,JOLLY JUMPEUSE,,,,,,10.0,ALDO DU PLESSIS,1660663.0,QUALITY D'AIX,1978771.0,FOR PLEASURE,15154.0,2019,Selle Francais,25000119337969S,,1618115.0,2,,False
96,2458200,HONOLULU VH MOLENHOF Z,HONOLULU VAN HET MOLENHOF Z,,,,,5.0,HEARTBEAT,124388.0,CHARMANT-MILTOO Z,440296.0,CONCORDE,525.0,2019,Zangersheide,056015Z55144219,,1618104.0,2,,False
97,2458156,DARKSITTE,,,,,,513.0,KSAR-SITTE,47184.0,DARIA DELLA CACCIA,168516.0,LACANTUS,37280.0,2019,Sella Italiano,,,1617944.0,0,,False
98,2458121,CLAIRE VAN DE HOLSTEEN Z,,,,,,5.0,COMME IL FAUT,285153.0,FLORENTINE VAN HET KUNSELHOF,585330.0,CHATMAN,40816.0,2019,Zangersheide,056015Z55654619,,1617822.0,2,,False
99,2458106,ALASKA,,,,,,8.0,KENTUCKY,479929.0,ALLER FEINSTE,1734410.0,HERBSTBACH,255296.0,2019,Trakehner,,,1617779.0,2,,False
100,2458101,THELMA DM,,,,,,4.0,DUCATI VAN SCHUTTERSHOF,736702.0,JUICE VAN SCHUTTERSHOF,2276255.0,CORNET OBOLENSKY,34480.0,2019,BWP (Belgium Warmblood),056002W00321903,,1617774.0,2,,False
101,2458085,CHACCO KIDDO,,,,,,60.0,CHACCO BLUE II,1823880.0,SOLARA,1809304.0,COME ON,2903.0,2019,Oldenburg International,,,1617754.0,1,,False
102,2458037,OMEGA BRIDGE,,,,,VB,1.0,GLOBAL EXPRESS VDL,1595825.0,FURIELLA BRIDGE S,1570154.0,CORLAND,4.0,2019,KWPN (Royal Dutch Sporthorse),528003201907381,,1617697.0,2,,False
103,2458034,ODAIRE,ODAÏRE,,,,,1.0,JARDONNAY VDL,1886243.0,DAIRE,685219.0,VIGARO,148828.0,2019,KWPN (Royal Dutch Sporthorse),528003201908001,,1617694.0,2,,False
104,2457991,O-JICOLE M,O JICOLE M,OJICOLE M,,,VB,1.0,JENSSEN VDL,1886226.0,JICOLE M,2037175.0,BALTIC VDL,365948.0,2019,KWPN (Royal Dutch Sporthorse),528003201901691,,1617647.0,2,,False
105,2457988,DER KAISER DE SPALBEC Z,,,,ZANG,,5.0,DIAMANT DE SEMILLY,33956.0,CATCH - CHINA Z,1649478.0,CALVADOS Z,148715.0,2019,Zangersheide,056015Z55490319,,1617643.0,0,,False
106,2457947,JOMMELLI DU DOMAINE,,,,,,10.0,VOYAGEUR OF LULU,1782626.0,BAYA DE BEAUVAL,2457943.0,VARGAS DE STE HERMELLE,463394.0,2019,Selle Francais,25000119336196U,,1617599.0,1,,False
107,2457898,J'OR DAN DU POMIEZ,JOR DAN DU POMIEZ,J OR DAN DU POMIEZ,,SF,,10.0,DOUGLAS DU GUE,1783563.0,ORIANE DES BAUMES,2457897.0,LANDJUWEEL ST HUBERT,7051.0,2019,Selle Francais,25000119392732S,,1617544.0,0,,False
108,2457833,BENTLEY ESQUI,,,,,,107.0,BAMAKO DE MUZE,272900.0,VIGORA ESQUI,1807953.0,VIGO D'ARSOUILLES,69655.0,2019,Estonian Sport Horse Breeders Society,,,1617471.0,0,,False
109,2457814,COSTA RICA,,,,,,34.0,JACKPOT,1649165.0,CASABLANCA,2286265.0,NIKIDAM DU CHATEAU,227177.0,2019,Hungarian Sport Horse Breeders Association,348001193190120,,1617452.0,2,,False
110,2457802,ZINESTAR,,,,,,13.0,ZINEDREAM,1873067.0,CORNADA PASADENA,2457801.0,CORNADO I,102430.0,2019,Westfälisches Pferdestammbuch e.V.,,,1617440.0,1,,False
111,2457799,Oomke DE MARIPOSA,,,,,,1.0,POKER DE MARIPOSA TN,1969522.0,SEMKE,216701.0,CAVALIER,2878.0,2019,KWPN (Royal Dutch Sporthorse),528003201909464,,1617433.0,0,,False
112,2457789,LUNA,,,,,,443.0,EVER FOR PLEASURE,699451.0,LUNIA,2457722.0,BALDINI II,21904.0,2019,Polski kon sportowy,,,1617413.0,2,,False
113,2457787,LAMBI III,,,,,,443.0,EVER FOR PLEASURE,699451.0,LUSSI,1761004.0,BOLERO DE RAVEL,1672764.0,2019,Polski kon sportowy,,,1617409.0,1,,False
114,2457784,PRINCESA MORGADO,,,,,,442.0,QUELO,2277331.0,FONTE DOS PARGINHOS,2457786.0,TIXAQUIR,1807787.0,2019,Lusitano,620001003359047,,1617406.0,2,,False
115,2457765,KARUSO,,,,,,8.0,SPEEDWAY,1869117.0,KATHALEA,2457762.0,SAINT CYR,479938.0,2019,Trakehner,,,1617386.0,1,,False
116,2457730,JOHNNY BRAVO AS Z,,,,,,5.0,JOVIAAL ES,1666700.0,UPTOWN GIRL,1957806.0,QUAMIRO,13726.0,2019,Zangersheide,056015Z55664919,,1617352.0,0,,False
117,2457664,J HALLUCINE BAMS,J’HALLUCINE BAMS,,,,,10.0,DOLLAR DU ROUET,1859286.0,REBECCA DE BREKKA,574270.0,QREDO DE PAULSTRA,3890.0,2019,Selle Francais,25000119343287M,,1617262.0,0,,False
118,2457656,MOLLY OF HEARTS,,,,,,2.0,DUKE OF HEARTS XX,516461.0,BAMBULE,1895686.0,CRAWFORD,124806.0,2019,Holsteiner Verband,276421000009819,,1617255.0,2,,False
119,2457622,CALLA CAMIRA,,,,,,12.0,CARRIDAM PJ,1491925.0,KORINNA,2069132.0,KAISERWIND,227843.0,2019,Hannoveraner Verband e.V,276431318504419,,1617220.0,2,,False
120,2457598,E,,,,HANN,,12.0,ERDINGER,1876239.0,DESTINY'S DIARINA,1545284.0,DESPERADOS FRH,117620.0,2019,Hannoveraner Verband e.V,276431310074019,,1617198.0,0,,False
121,2457589,DELAWARE,DELAWARE 22,,,RPSI,,12.0,DSP DE SANDRO,1574952.0,CHARLEEN,2457587.0,CHARMING,34468.0,2019,Hannoveraner Verband e.V,276431310863419,,1617189.0,0,,False
122,2457572,MIA,,,,,,2.0,CORNETINO,713622.0,BRASILIA I,1999929.0,CASALL,49609.0,2019,Holsteiner Verband,276421000077919,,1617171.0,2,,False
123,2457565,ONE FIFTY SIX,,,,,,24.0,UP TO DATE MILTOO,97030.0,HENRY JOTA ARTISTA II,1824029.0,CASSINIO,1542529.0,2019,KWPN North America,,,1617154.0,2,,False
124,2457559,ONE FIFTY SIX,,,,,,24.0,DANTE MG,1601223.0,HENRY JOTA ARTISTA II,1824029.0,CASSINIO,1542529.0,2019,KWPN North America,,,1617144.0,2,,False
125,2457547,SANDROS KALAMATA,,,,,,12.0,SANDRO JUNIOR,1947888.0,KORSIKA,709950.0,KOLIBRI,57640.0,2019,Hannoveraner Verband e.V,276431319606019,,1617124.0,2,,False
126,2457508,PABLO,,,,,VB,1.0,GASPAHR,1596210.0,E.NEFLORATA FL,487855.0,NUMERO UNO,2112.0,2019,KWPN (Royal Dutch Sporthorse),528003202010764,,1617067.0,1,,False
127,2457494,CONCORDE AS,,,,,,116.0,CROCKETT WZ,1947789.0,VALESCA AS,2457493.0,VIVALDI VAN DE KAMPEL,115079.0,2019,Deutsches Sportpferd,,,1617041.0,2,,False
128,2457449,JAURANA DE L'AUBIER,JAURANA DE L AUBIER,JAURANA DE LAUBIER,,,,10.0,ZE CARIOCA,1877710.0,LAURANA,255800.0,VENDOME D'URIAT,255805.0,2019,Selle Francais,25000119369665Q,,1616962.0,2,,False
129,2457440,ORLY VAN HOLTINGHE Z,,,,,,5.0,ZENTO,37809.0,GISELLE,1643984.0,INDOCTRO,1937.0,2019,Zangersheide,528003202001440,,1616948.0,0,,False
130,2457439,OCTOPUS,,,,,D-OC,1.0,LEVISTO Z,66059.0,HENIG AN,1843151.0,STAKKATO,15144.0,2019,KWPN (Royal Dutch Sporthorse),528003201904368,,1616956.0,2,,False
131,2457433,OLANDA Z,,,,,,5.0,UNTOUCHABLE,46156.0,B.HEUREKA V,2390272.0,CARTANO,46159.0,2019,Zangersheide,056015Z55586719,,1616937.0,2,,False
132,2457406,PATRIOTE DE MARIPOSA Z,,,,,,5.0,POKER DE MARIPOSA TN,1969522.0,ANASTACIA,184458.0,TRIOMPHE,8659.0,2019,Zangersheide,056015Z55575819,,1616879.0,0,,False
133,2457403,GENOVA M,,,,,,443.0,CORIANO'S ASS,357194.0,GENADIA M,2457401.0,CORRADO BOY,1491390.0,2019,Polski kon sportowy,616009690090019,,1616876.0,2,,False
134,2457365,OROSANI,,,,,Stb.,1.0,CONTENDRO II,8793.0,GINGER,692690.0,CARAMBOLE,160621.0,2019,KWPN (Royal Dutch Sporthorse),528003201900970,,1616800.0,2,,False
135,2457251,DOMINGO,,,,,,6.0,DANTE'S JUNIOR,1971826.0,FASINE,1503606.0,FUERST ROMANCIER,284062.0,2019,Oldenburger Verband,,,1616487.0,0,,False
136,2457244,B,,,,,,2.0,BALOU DU ROUET,8240.0,BIRKE III,1896692.0,CASALL,49609.0,2019,Holsteiner Verband,276421000016219,,1616632.0,0,,False
137,2457243,OBELIX,,,,,,1.0,CANTONA TN,1568466.0,JUMPING GIRL,1967920.0,KANNAN GFE,42058.0,2019,KWPN (Royal Dutch Sporthorse),528003201901743,,1616484.0,1,,False
138,2457123,BALLKÖNIGIN,,,,,,8.0,SCHWARZGOLD,716527.0,BENASIR,1496736.0,CONNERY,132185.0,2019,Trakehner,276409090304019,,1616197.0,2,,False
139,2457069,TANGELA BUTTERFLY Z,,,,,,5.0,TANGELO VAN DE ZUUTHOEVE,2723.0,CALANDA BUTTERFLY Z,2122923.0,CROWN Z,13147.0,2019,Zangersheide,056015Z55519519,,1616109.0,2,,False
140,2457062,VINO VERDE H,,,,,,14.0,VITALIS,231342.0,FAHIDA H,2457090.0,FRIEDENSTRAUM,114718.0,2019,Rheinland,276431434032819,,1616083.0,1,,False
141,2457038,TOP STELLA,TOPINA,,,,,501.0,TOP CORNETTO,2457040.0,SHAGGA,2457044.0,BASCO,2457045.0,2019,Pony,,,1616060.0,2,,False
142,2457009,AMY,,,,,,13.0,CATCH,1584020.0,ANOTHER JOKER,2457006.0,ARMITAGE,38653.0,2019,Westfälisches Pferdestammbuch e.V.,276441411292919,,1616041.0,2,,False
143,2456998,THORGAN VAN HET LANDAUKE,,,,,,4.0,LEANDRO VG,1557014.0,OILILY VAN DE KWADE HEYDE,1635372.0,JILBERT VAN 'T RUYTERSHOF,474049.0,2019,BWP (Belgium Warmblood),056002W00323456,,1616035.0,1,,False
144,2456989,TUINMAN VAN DE LENTAMEL,,,,,,4.0,KASANOVA DE LA POMME,1543784.0,VITA,1479560.0,LIMBO,53475.0,2019,BWP (Belgium Warmblood),056002W00324237,,1616026.0,0,,False
145,2456988,TARZAN VAN 'T ELSHOUT,TARZAN VAN T ELSHOUT,TARZAN VAN HET ELSHOUT,,,,4.0,MUGANO VAN KLAPSCHEUT,1494126.0,WAPITI VAN T ARKELHOF,512346.0,AHORN Z,1690.0,2019,BWP (Belgium Warmblood),056002W00324308,,1616022.0,0,,False
146,2456937,ONE KISS V/D HEERNIS,ONE KISS VAN DE HEERNIS,ONE KISS VD HEERNIS,,,VB,1.0,W-HORSELAND INVERNESS,1575650.0,ADMIRE V/D HEERNIS,1963694.0,SON DE NIRO,3253.0,2019,KWPN (Royal Dutch Sporthorse),528003201908324,,1615934.0,2,,False
147,2456920,ARUBA,,,,,,8.0,HORALAS,313671.0,AURELIA,1833200.0,PHLOX,583372.0,2019,Trakehner,,,1615916.0,2,,False
148,2456915,TORBELLINO INCOGNITO,,,,,,4.0,INCOGNITO,1794987.0,ZAINA AL DHEEN,2456913.0,MADHEEN EL SHAH DE OX,2457220.0,2019,BWP (Belgium Warmblood),056002W00323481,,1615905.0,1,,False
149,2456885,JAGGER DE PEGASE,,,,,,10.0,FLIPPER D'ELLE,13718.0,PHALLONE DES PINS,2456884.0,CHENU DU PLESSIS,135149.0,2019,Selle Francais,25000119378116E,,1615849.0,0,,False
150,2456859,COLORADO,,,,,,20.0,H&M CRUSADER ICE,1729912.0,MY NEW WATCH,2456857.0,NEW BALANCE,170745.0,2019,Swedish Warmblood,752004041903310,,1615822.0,1,,False
151,2456836,TWIX,,,,,,13.0,TESLA,1956263.0,EAZILETTE TH,452634.0,ZIZI TOP,99943.0,2019,Westfälisches Pferdestammbuch e.V.,276441410183719,,1615788.0,2,,False
152,2456833,TIARA ROYAL,,,,,,13.0,TESLA,1956263.0,ROYAL FAIRY,540617.0,ROYAL HIGHNESS,115316.0,2019,Westfälisches Pferdestammbuch e.V.,276441410880919,,1615785.0,2,,False
153,2456829,TOFFIFEE,,,,,,13.0,TESLA,1956263.0,FAIRYTALE,2456828.0,FASHION MAKER,1611760.0,2019,Westfälisches Pferdestammbuch e.V.,276441411051919,,1615781.0,2,,False
154,2456816,TOEVALLIG VAN STB,,,,,,4.0,BY CERA D'ICK,1592300.0,MASSIMA VAN 'T SPIEVELD,1698343.0,INSHALLAH DE MUZE,646553.0,2019,BWP (Belgium Warmblood),056002W00323883,,1615746.0,1,,False
155,2438828,TEST VEULEN,,,,,,1.0,,,,,,,2019,KWPN (Royal Dutch Sporthorse),,,1300320.0,0,,False
156,2438528,AVICCI Z3123,,,,,,5.0,AD A BIG BOY,382520.0,CHELLONE Z,1662189.0,CHELLANO ALPHA Z,714550.0,2019,Zangersheide,056015Z55171319,,1305241.0,2,,False
157,2438389,AMICI SPUMANTE123,,,,,,60.0,ASTI SPUMANTE,39335.0,OKTAVIA,2426341.0,CARINJO HDC,12883.0,2019,Oldenburg International,276418180405719,,1306636.0,0,,False
158,2438387,HIGH FIVE,,,,,,60.0,SCUDERIA 1918 HALIFAX VAN HET KLUIZEBOS,517369.0,LET'S FLY,2045423.0,GLOCK'S LONDON,117863.0,2019,Oldenburg International,276418180479719,,1301292.0,2,,False
159,2438351,OPERA CATRASSE TEXEL,"OPERA,CATRASSE TEXEL",,,,,1.0,GOVERNOR,668616.0,W'ALCATRASSE TEXEL,194841.0,FERRO,796.0,2019,KWPN (Royal Dutch Sporthorse),528003201906418,,1292834.0,2,,False
160,2438233,OPAAL,,,,,,1.0,GLOCK'S LONDON,117863.0,HASTREA,1500753.0,DAKAR VDL,621714.0,2019,KWPN (Royal Dutch Sporthorse),,,1296949.0,0,,False
161,2438218,MORGENROETE,,,,,,2.0,UNITED WAY,1901249.0,LAMINA,40791.0,SIR SHOSTAKOVICH XX,17764.0,2019,Holsteiner Verband,276421000141619,,1617072.0,2,,False
162,2437973,TABASCO PS,,,,,,60.0,TALAN,108859.0,BALCENTIA,2134756.0,BALOUBET DU ROUET,2859.0,2019,Oldenburg International,,,1609771.0,1,,False
163,2437889,POW WOW Z,,,,,,5.0,POMMEROL DE MUZE,1969485.0,CLEAR DAZE,2181291.0,CLEARWAY,72434.0,2019,Zangersheide,,,1607639.0,1,,False
164,2437861,ONBEK,,,,,,32.0,,,,,,,2019,Finnish Warmblood,,,1607013.0,0,,False
165,2437793,M,,,,,,2.0,MILLION DOLLAR,1704611.0,GERLINDE,1858711.0,DIARADO,254807.0,2019,Holsteiner Verband,276421000616019,,1617083.0,2,,False
166,2437624,SUDDER,,,,,,6.0,,,,,,,2019,Oldenburger Verband,,,1601181.0,2,,False
167,2437617,HERMOSA DELLA MEZZALUNA,,,,,,515.0,CARITO,1546630.0,RICHMEAD DONNIE,2376130.0,DON RAMIRO,1480204.0,2019,Sella Italiano UNIRE,,,1600732.0,2,,False
168,2437608,NEWTON,,,,,,1.0,,,,,,,2019,KWPN (Royal Dutch Sporthorse),,,1599688.0,0,,False
169,2437445,SUDDER,,,,,,1.0,,,,,,,2019,KWPN (Royal Dutch Sporthorse),,,1593044.0,2,,False
170,2437424,SUDDER,,,,,,13.0,,,,,,,2019,Westfälisches Pferdestammbuch e.V.,,,1591959.0,1,,False
171,2437370,TISWATIS V/H GEENEINDE,,,,,,4.0,ERMITAGE KALONE,1895298.0,BONITA Z,2365247.0,BALTIC VDL,365948.0,2019,BWP (Belgium Warmblood),056002w00324140,,1589910.0,0,,False
172,2437365,QARAVAGE BOIS MARGOT Z,,,,,,5.0,QLASSIC BOIS MARGOT,462223.0,LOVE MAISY BOIS MARGOT,2437364.0,L'ARC DE TRIOMPHE,54590.0,2019,Zangersheide,056015Z55733019,,1589880.0,1,,False
173,2437357,ONBEK,,,,,,5.0,,,,,,,2019,Zangersheide,,,1589250.0,1,,False
174,2437337,ONANA KV,,,,,,1.0,OSCAR,2281.0,ANNE,323958.0,OSCAR,2281.0,2019,KWPN (Royal Dutch Sporthorse),5280033201905743,,1588628.0,1,,False
175,2437336,ORAMANTA B,,,,,,1.0,DAKAR,2102910.0,RHAMANTA,188506.0,INDORADO,2830.0,2019,KWPN (Royal Dutch Sporthorse),,,1588590.0,2,,False
176,2437284,C,,,,,,2.0,CASCADELLO I,713566.0,DILDA,1858723.0,CATOKI,38151.0,2019,Holsteiner Verband,276421000068619,,1617086.0,0,,False
177,2437028,G,,,,,,2.0,GRANDORADO TN N.O.P.,1596329.0,H-DAISY,2055601.0,DARCODELLO,1587562.0,2019,Holsteiner Verband,276421000529919,,1617158.0,0,,False
178,2436991,ONBEK,,,,,,29.0,,,,,,,2019,Swiss Warmblood (Zuchtverband CH-Sportpferde),,,1580003.0,2,,False
179,2436990,ONBEK,,,,,,29.0,,,,,,,2019,Swiss Warmblood (Zuchtverband CH-Sportpferde),,,1580001.0,2,,False
180,2436945,ONBEK,,,,,,10.0,,,,,,,2019,Selle Francais,,,1579206.0,2,,False
181,2436762,K,,,,,,2.0,KANNAN GFE,42058.0,UTOPIA XXII,1875491.0,FOR PLEASURE,15154.0,2019,Holsteiner Verband,276421000115719,,1617165.0,0,,False
182,2436761,KITCHAKO XX,,,,,,18.0,KAPGARDE XX,301251.0,,,,,2019,English Thoroughbred (xx),,,1575518.0,1,,False
183,2436662,KINSALE QUILANA S,,,,,,7.0,,,TILANA S,246442.0,WOLFGANG,601.0,2019,Anglo European Studbook,826002190886222,,1572374.0,2,,False
184,2436659,ONLY LIMITED EDITION,,,,,,1.0,,,,,,,2019,KWPN (Royal Dutch Sporthorse),,,1572339.0,2,,False
185,2436559,PENKENDA2019,,,,,,20.0,PENTAGON,219692.0,RAKENDA,2344729.0,RONALDINHO H,220208.0,2019,Swedish Warmblood,752004041902569,,1570196.0,2,,False
186,2436362,C,,,,,,2.0,CASALL,49609.0,ABC PANAMA,162147.0,CARIBIK,19060.0,2019,Holsteiner Verband,276421000119019,,1617292.0,2,,False
187,2436361,ONBEK,,,,,,26.0,,,,,,,2019,Baden Württemberg - Pferdezuchtverband ,,,1565633.0,2,,False
188,2436337,ON THE ROCKS DE SILLY,,,,,,10.0,CIAO DU THOT,1782976.0,FURIBELLE DE SILLY,1847241.0,LAEKEN,3198.0,2019,Selle Francais,25000193007125Y,,1564834.0,2,,False
189,2436108,SUDDER,,,,,,52.0,,,,,,,2019,Irish Sport Horse,,,1557899.0,2,,False
190,2436082,ONBEK,,,,,,5.0,,,,,,,2019,Zangersheide,,,1556657.0,0,,False
191,2436007,JAPURA DE RANGEVAL,,,,,,10.0,CASALL,49609.0,ARMANI KERELLEC,1725925.0,UNTOUCHABLE M,123620.0,2019,Selle Francais,,,1555332.0,2,,False
192,2435922,SUDDER,,,,,,12.0,,,,,,,2019,Hannoveraner Verband e.V,,,1554819.0,2,,False
193,2435885,SUDDER,,,,,,426.0,,,,,,,2019,Onbekend,,,1554292.0,0,,False
194,2435877,TRIUMPF KMS,,,,,,4.0,MENKO VAN DE WELLINGTON,1638198.0,FORMICA DU HOUSSOIT,756284.0,DOREE VAN DE MOSKIFARM,183863.0,2019,BWP (Belgium Warmblood),056002W00324978,,1554171.0,1,,False
195,2435875,ONBEK,,,,,,10.0,,,,,,,2019,Selle Francais,,,1554133.0,2,,False
196,2435874,ONBEK,,,,,,10.0,,,,,,,2019,Selle Francais,,,1554132.0,2,,False
197,2435873,ONBEK,,,,,,10.0,,,,,,,2019,Selle Francais,,,1554130.0,2,,False
198,2435792,CERES Z123,,,,,,1.0,COH-I-NOOR SZ,2135594.0,AMALIA,584716.0,ROYAL BRAVOUR,2646.0,2019,KWPN (Royal Dutch Sporthorse),,,1551834.0,2,,False
199,2435616,SUDDER,,,,,,7.0,,,,,,,2019,Anglo European Studbook,,,1547653.0,2,,False
200,2435509,BURZUM MS Z,,,,,,5.0,BAMAKO DE MUZE,272900.0,JAG PANZER MS,1776662.0,INAR C,1553377.0,2019,Zangersheide,,,1545302.0,1,,False
201,2435450,UNREAL CONTENDER,,,,,,2.0,URIKO,495352.0,,,,,2019,Holsteiner Verband,DE421000357219,,1543024.0,0,,False
202,2435310,DAKOTA D?ERES Z,,,,,,5.0,D'AGANIX 2000 Z,1702410.0,GAUDY VAN INNCREATIONS,688171.0,CICERO Z VAN PAEMEL,45370.0,2019,Zangersheide,056015Z55375019,,1538225.0,2,,False
203,2435210,ONBEK,,,,,,5.0,,,,,,,2019,Zangersheide,,,1536017.0,2,,False
204,2435016,ONBEK,,,,,,1.0,,,,,,,2019,KWPN (Royal Dutch Sporthorse),,,1528692.0,0,,False
205,2434979,SUDDER,,,,,,1.0,,,,,,,2019,KWPN (Royal Dutch Sporthorse),,,1527273.0,2,,False
206,2434961,SUDDER,,,,,,12.0,,,,,,,2019,Hannoveraner Verband e.V,,,1526419.0,0,,False
207,2434822,TALLY HO EH,,,,,,4.0,EMERALD VAN 'T RUYTERSHOF,196504.0,FARFELU DE LA POMME,395870.0,VIGO D'ARSOUILLES,69655.0,2019,BWP (Belgium Warmblood),,,1523950.0,0,,False
208,2434820,SUDDER,,,,,,5.0,,,,,,,2019,Zangersheide,,,1523892.0,2,,False
209,2434723,SUDDER,,,,,,2.0,,,,,,,2019,Holsteiner Verband,,,1521284.0,0,,False
210,2434560,IDEAL II VM Z,,,,,,5.0,IDEAL DE LA LOGE,111003.0,CHEZANE Z,237715.0,CALVARO Z,25365.0,2019,Zangersheide,,,1515663.0,0,,False
211,2434559,BENJAMIN V123,,,,,,107.0,BALOU DU ROUET,8240.0,WHISPER V,2044620.0,WODAN M,174578.0,2019,Estonian Sport Horse Breeders Society,23300119A155111,,1515621.0,0,,False
212,2434553,SUDDER,,,,,,5.0,,,,,,,2019,Zangersheide,,,1515272.0,2,,False
213,2434522,ONBEK,,,,,,5.0,,,,,,,2019,Zangersheide,,,1514348.0,0,,False
214,2434480,ONBEK,,,,,,1.0,,,,,,,2019,KWPN (Royal Dutch Sporthorse),,,1513011.0,2,,False
215,2434470,DONAU,,,,,,8.0,,,DONAUSCHWALBE,1776150.0,MILLENNIUM,415625.0,2019,Trakehner,DE409090301819,,1512805.0,2,,False
216,2434437,ONBEK,,,,,,6.0,,,,,,,2019,Oldenburger Verband,,,1512034.0,2,,False
217,2434379,ONBEK,,,,,,1.0,,,,,,,2019,KWPN (Royal Dutch Sporthorse),528003201905171,,1510183.0,0,,False
218,2434360,SUDDER,,,,,,116.0,,,,,,,2019,Deutsches Sportpferd,,,1509326.0,0,,False
219,2434339,TWERLY TESSA VAN T RIETKAMP Z,,,,,,5.0,TWISTER DE LA POMME,496677.0,NEW BALANCE VAN 'T MEULENHOF,2009600.0,ELVIS TER PUTTE,175041.0,2019,Zangersheide,056015Z55019519,,1508948.0,2,,False
220,2434286,FLOWER GIRL,,,,,,13.0,FUERST ROMANCIER,284062.0,SHACIRA,592056.0,SHOW STAR,80340.0,2019,Westfälisches Pferdestammbuch e.V.,276441410589419,,1621510.0,2,,False
221,2434285,HELVETIA AGROMIX,,,,,,17.0,HERALD 3,139250.0,CHANNEL AGROMIX,2098290.0,CASSINI II,21493.0,2019,Brasileiro de Hipismo,,,1507558.0,2,,False
222,2434184,ONBEK,,,,,,12.0,,,,,,,2019,Hannoveraner Verband e.V,,,1616696.0,2,,False
223,2434133,FORLAP ALFA Z,,,,,,5.0,QUERLYBET HERO,12781.0,UBAYA DC,624210.0,HEARTBREAKER,1002.0,2019,Zangersheide,,,1504243.0,0,,False
224,2434117,FORLAP ALPHA Z,FORLAP ALFA Z,,,,,5.0,QUERLYBET HERO,12781.0,UBAYA DC,624210.0,HEARTBREAKER,1002.0,2019,Zangersheide,056015Z55171519,,1503838.0,0,,False
225,2434106,C,,,,,,7.0,CHACOON BLUE,1691083.0,DAISY,1902560.0,LORD PEZI,81965.0,2019,Anglo European Studbook,,,1503757.0,0,,False
226,2434090,DICTE,,,,,,12.0,BLUE HORS DON OLYMBRIO,617056.0,LILLY,1626761.0,LONDONDERRY,24887.0,2019,Hannoveraner Verband e.V,276431316909919,,1503169.0,2,,False
227,2434043,NEBBIOLO MK,,,,,,20.0,HIP HOP,214154.0,CHICOLINA,728512.0,CARISMO,16350.0,2019,Swedish Warmblood,,,1502680.0,0,,False
228,2434018,ONBEK,,,,,,1.0,,,,,,,2019,KWPN (Royal Dutch Sporthorse),5280,,1502103.0,1,,False
229,2433976,ONBEK,,,,,,5.0,,,,,,,2019,Zangersheide,,,1500759.0,0,,False
230,2433973,ONBEK,,,,,,426.0,,,,,,,2019,Onbekend,DE4,,1617991.0,1,,False
231,2433946,BELLE UNIQUE,,,,,,13.0,BLUE HORS BARON,1577748.0,JAZZABELLE,2407725.0,JAZZ,1186.0,2019,Westfälisches Pferdestammbuch e.V.,276441411148119,,1621509.0,2,,False
232,2433932,ONBEK,,,,,,7.0,,,,,,,2019,Anglo European Studbook,,,1500079.0,2,,False
233,2433903,ELECTRA GV,,,,,,13.0,EICHENDORFF,316489.0,ROCCOCO,601923.0,ROSANDRO,298565.0,2019,Westfälisches Pferdestammbuch e.V.,276441411218919,,1621495.0,2,,False
234,2433875,ONBEK,,,,,,1.0,,,,,,,2019,KWPN (Royal Dutch Sporthorse),,,1498329.0,2,,False
235,2433862,HART JE ALDA GDL Z,,,,,,5.0,SCUDERIA 1918 HALIFAX VAN HET KLUIZEBOS,517369.0,GDL EGIRALDA G,553725.0,VIGARO,148828.0,2019,Zangersheide,056015Z55376819,,1498097.0,2,,False
236,2433739,SUDDER,,,,,,1.0,,,,,,,2019,KWPN (Royal Dutch Sporthorse),528003201903391,,1494721.0,2,,False
237,2433667,D,,,,,,2.0,DIARADO,254807.0,,,,,2019,Holsteiner Verband,,,1493134.0,0,,False
238,2433664,Z,,,,,,13.0,ZIROCCO BLUE VDL,170812.0,,,,,2019,Westfälisches Pferdestammbuch e.V.,,,1493073.0,0,,False
239,2433648,ONBEK,,,,,,23.0,,,,,,,2019,Danish Warmblood,,,1492614.0,1,,False
240,2433631,ONBEK,,,,,,1.0,,,,,,,2019,KWPN (Royal Dutch Sporthorse),528003201905654,,1491869.0,0,,False
241,2433630,MEKERT,,,,,,2.0,MILLENNIUM,415625.0,D-BELLA ANNA,2055536.0,BORDEAUX,364438.0,2019,Holsteiner Verband,DE421000176719,,1491853.0,0,,False
242,2433629,ONBEK,,,,,,6.0,,,,,,,2019,Oldenburger Verband,201900000000000,,1491833.0,0,,False
243,2433628,ONBEK,,,,,,1.0,,,,,,,2019,KWPN (Royal Dutch Sporthorse),528003201900155,,1491825.0,0,,False
244,2433625,ONBEK,,,,,,12.0,,,,,,,2019,Hannoveraner Verband e.V,DE431310063219,,1491786.0,0,,False
245,2433624,ONBEK,,,,,,1.0,,,,,,,2019,KWPN (Royal Dutch Sporthorse),201904805,,1491776.0,0,,False
246,2433576,ONBEK,,,,,,1.0,,,,,,,2019,KWPN (Royal Dutch Sporthorse),528003201902466,,1490189.0,0,,False
247,2433524,C,,,,,,5.0,CABRIO VAN DE HEFFINCK,101938.0,CHILI GOLD W,1937040.0,CHACCO'S SON I,485956.0,2019,Zangersheide,BEL015Z55118619,,1487596.0,0,,False
248,2433523,B1,,,,,,13.0,BALOUNITO,1695153.0,MISS CORNET,1848166.0,CORNET OBOLENSKY,34480.0,2019,Westfälisches Pferdestammbuch e.V.,DE441410747719,,1487592.0,0,,False
249,2433522,A,,,,,,13.0,A LA CARTE NRW,613338.0,ASPANJA,1628268.0,ARPEGGIO,34427.0,2019,Westfälisches Pferdestammbuch e.V.,DE441410441019,,1487590.0,0,,False
250,2433266,B,,,,,,13.0,BALTIC VDL,365948.0,DORINE,2006244.0,TENERIFE VDL,5834.0,2019,Westfälisches Pferdestammbuch e.V.,DE441411197719,,1481705.0,0,,False
251,2433262,EL VIVO PS,,,,,,6.0,ESCAMILLO,1781583.0,VIVA CONTANA,2257986.0,VIVALDI,42574.0,2019,Oldenburger Verband,,,1481443.0,0,,False
252,2433241,SPLOTCH BD,,,,,,12.0,SECRET,1900091.0,FAIRLIGHT,2256513.0,FOLLOW ME,1532982.0,2019,Hannoveraner Verband e.V,DE431310141319,,1479959.0,0,,False
253,2433231,DON,,,,,,2.0,DIARADO,254807.0,DON,2433231.0,DIARADO,254807.0,2019,Holsteiner Verband,DE421000033819,,1479301.0,0,,False
254,2433224,ONBEK,,,,,,468.0,,,,,,,2019,New Zealand Hanoverian Society,,,1478737.0,0,,False
255,2433211,VINICIUS,,,,,,13.0,VITALIS,231342.0,BELISA,2235232.0,BELISSIMO M,34453.0,2019,Westfälisches Pferdestammbuch e.V.,276441410537519,,1621494.0,1,,False
256,2432747,ONBEK,,,,,,1.0,,,,,,,2019,KWPN (Royal Dutch Sporthorse),528003201909863,,1465130.0,0,,False
257,2432563,LA VIE EN ROSE DU JADE,,,,,,6.0,LIVALDON,1525910.0,MONA LUISA DU JADE,1922373.0,FRANZISKUS,615587.0,2019,Oldenburger Verband,DE433330863119,,1459427.0,2,,False
258,2432497,ONBEK,,,,,,1.0,,,,,,,2019,KWPN (Royal Dutch Sporthorse),,,1457359.0,2,,False
259,2432469,ONBEK,,,,,,1.0,,,,,,,2019,KWPN (Royal Dutch Sporthorse),,,1456070.0,0,,False
260,2432398,ENZO B,,,,,,13.0,ESCOLAR,1505343.0,FLORENCE,1875020.0,FLORESCO NRW,169665.0,2019,Westfälisches Pferdestammbuch e.V.,276441410924519,,1621487.0,1,,False
261,2432242,FREDERICO II EQ,,,,,,12.0,FINEST,1583514.0,DINETTI,1556291.0,DIMAGGIO,122445.0,2019,Hannoveraner Verband e.V,DE431316787819,,1445561.0,0,,False
262,2432213,JADORE DE L?O,,,,,,10.0,UNTOUCHABLE,46156.0,ALASKA DU SOLEIL,2202963.0,L'ARC DE TRIOMPHE,54590.0,2019,Selle Francais,,,1444613.0,2,,False
263,2432209,SD D`ELVIS,,,,,,468.0,ELVIS TER PUTTE,175041.0,FINE-CHIN VAN HET GEVAHOF,705222.0,CHIN CHIN,2361.0,2019,New Zealand Hanoverian Society,,,1444513.0,0,,False
264,2432151,ONBEK,,,,,,23.0,,,,,,,2019,Danish Warmblood,,,1443506.0,0,,False
265,2432103,ONBEK,,,,,,,,,,,,,2019,,,,1441745.0,0,,False
266,2432099,SUDDER,,,,,,,,,,,,,2019,,,,1441502.0,0,,False
267,2432074,SUDDER,,,,,,,,,,,,,2019,,,,1440956.0,0,,False
268,2432027,ONBEK,,,,,,3.0,,,,,,,2019,NRPS,528,,1439744.0,2,,False
269,2431926,ONBEK,,,,,,1.0,,,,,,,2019,KWPN (Royal Dutch Sporthorse),,,1437610.0,2,,False
270,2431897,SUDDER,,,,,,,,,,,,,2019,,,,1436999.0,2,,False
271,2431891,SUDDER,,,,,,17.0,,,,,,,2019,Brasileiro de Hipismo,,,1436803.0,2,,False
272,2431790,DIPEGGIO L Z,,,,,,5.0,DIAMANT DE SEMILLY,33956.0,AMICA NEGRA,2211020.0,ARPEGGIO,34427.0,2019,Zangersheide,056015Z55312519,,1435675.0,2,,False
273,2431749,TUUT TUUT VD KNUFFEL,,,,,,,,,,,,,2019,,056-002-WOO323248,,1434967.0,0,,False
274,2431612,FRASCINO II KL,,,,,,6.0,FUERST WILHELM,403500.0,SAMARANCHE,1994598.0,SAMARANT,44012.0,2019,Oldenburger Verband,DE433330886719,,1431477.0,0,,False
275,2431550,METAFORA SE,,,,,,13.0,LIMBO 92,1573058.0,FLORENCE,664398.0,LANDLORD,511.0,2019,Westfälisches Pferdestammbuch e.V.,DE441410861619,,1429824.0,2,,False
276,2431326,FARIDA,,,,,,13.0,FÜRST SAMARANT,1958401.0,RALUCA,2430934.0,ROCKWELL,36111.0,2019,Westfälisches Pferdestammbuch e.V.,276441411118419,,1621181.0,2,,False
277,2431217,GI-JANE D'IVE Z,,,,,,5.0,GLASGOW-W V H MERELSNEST,537301.0,BELLISSIMA D'IVE,151182.0,QUIDAM DE REVEL,1061.0,2019,Zangersheide,,,1422811.0,2,,False
278,2431192,ONBEK,,,,,,5.0,,,,,,,2019,Zangersheide,,,1422122.0,2,,False
279,2431184,ONBEK,,,,,,7.0,,,,,,,2019,Anglo European Studbook,,,1421892.0,2,,False
280,2431053,OZANDRO,,,,,,1.0,CIZANDRO,469866.0,FLEURET A,1828627.0,MANNO,24632.0,2019,KWPN (Royal Dutch Sporthorse),528003201902316,,1418639.0,0,,False
281,2431005,ONBEK,,,,,,,,,,,,,2019,,,,1417276.0,2,,False
282,2430902,UTOPIA KEY SR,,,,,,1.0,UNITED TOUCH S,1677488.0,NEWTY,1717098.0,KANNAN GFE,42058.0,2019,KWPN (Royal Dutch Sporthorse),,,1415273.0,2,,False
283,2430788,Z123,,,,,,6.0,GLOCK'S ZONIK N.O.P.,641218.0,CHINA AIR,2119342.0,CRISTO,98498.0,2019,Oldenburger Verband,,,1412563.0,0,,False
284,2430720,OMAR V&V,,,,,,1.0,ELDORADO VAN DE ZESHOEK TN,174917.0,ISCHA V&V,1598447.0,LORDANOS,21692.0,2019,KWPN (Royal Dutch Sporthorse),528003201903256,,1410623.0,0,,False
285,2430716,ONBEK,,,,,,1.0,,,,,,,2019,KWPN (Royal Dutch Sporthorse),,,1410427.0,2,,False
286,2430554,L,,,,,,1.0,LUIGI D'ECLIPSE,657962.0,BELLA UNO,124510.0,NUMERO UNO,2112.0,2019,KWPN (Royal Dutch Sporthorse),,,1404211.0,0,,False
287,2430438,GAMA NSO,,,,,,446.0,GRANDORADO TN N.O.P.,1596329.0,TAIPEH,1617131.0,CALIDO I,417.0,2019,Lithuanian Horse Breeders Association,LTU006490096719,,1401401.0,2,,False
288,2430437,GAMA NSO,,,,,,446.0,GRANDORADO TN N.O.P.,1596329.0,TAIPEH,1617131.0,CALIDO I,417.0,2019,Lithuanian Horse Breeders Association,LTU006490096719,,1401400.0,2,,False
289,2430410,OLIVIA H.W.,,,,,,1.0,KENSINGTON ES,1775702.0,CAROLL,277621.0,VLEUT,43158.0,2019,KWPN (Royal Dutch Sporthorse),528003201910070,,1399321.0,2,,False
290,2430407,CETO M,,,,,,7.0,,,CROFT IN TOUCH,2177610.0,LUX Z,1684.0,2019,Anglo European Studbook,826002200888561,,1399175.0,2,,False
291,2430379,DREE BÖKENS FLORENTIN,,,,,,12.0,FASHION IN BLACK NRW,1958405.0,DAYLIGHT,1945358.0,DAMON HILL,36017.0,2019,Hannoveraner Verband e.V,276431310654819,,1620560.0,1,,False
292,2430376,KYANI,,,,,,,MEANDER VAN DE HEIMERIETE,1790958.0,,,,,2019,,,,1397762.0,0,,False
293,2430291,OLANDRA,,,,,,1.0,,,GELANDRA,1642040.0,GLASGOW-W V H MERELSNEST,537301.0,2019,KWPN (Royal Dutch Sporthorse),528003201908460,,1395865.0,2,,False
294,2430266,OKLAHOMA,,,,,,1.0,GRANDORADO TN N.O.P.,1596329.0,TWISTER,36239.0,BALOUBET DU ROUET,2859.0,2019,KWPN (Royal Dutch Sporthorse),,,1395173.0,2,,False
295,2429986,OLYMPIA LA,,,,,,1.0,COMME IL FAUT,285153.0,DAHLIA VAN DE HERMITAGE,144005.0,CHIN CHIN,2361.0,2019,KWPN (Royal Dutch Sporthorse),,,1386027.0,2,,False
296,2429977,OHIO-MARIA DS,,,,,,1.0,COMME IL FAUT,285153.0,,,,,2019,KWPN (Royal Dutch Sporthorse),528003201910417,,1385674.0,2,,False
297,2429976,OHIO-MARIA DS,,,,,,1.0,EMERALD VAN 'T RUYTERSHOF,196504.0,UMEA-MARIA M,12768.0,CARTHAGO,2441.0,2019,KWPN (Royal Dutch Sporthorse),528003201910417,,1385673.0,2,,False
298,2429881,ANIMA,KLEONS ANIMA,,,,,12.0,ANDIAMO SEMILLY,641120.0,STAKKATOS GRAEFIN,2162114.0,STAKKATO,15144.0,2019,Hannoveraner Verband e.V,DE431316998519,,1383088.0,0,,False
299,2429813, SOLAGUAYRE CAREY,SOLAGUAYRE CAREY123,,,,,25.0,SOLAGUAYRE COMPLOT,1655372.0,CARISSA SOLAGUAYRE,1612105.0,CASALL,49609.0,2019,Argentina: Asociacion Argentina de Fomento Equino,032001000555825,,1380369.0,2,,False
300,2429655,*,,,,,,7.0,,,SUTTON GRANGE ELEGANT SERANO,2155866.0,SERANO GOLD,113586.0,2019,Anglo European Studbook,,,1376560.0,2,,False
301,2429588,FORTINO,,,,,,13.0,FOR GOLD OLD,1876346.0,BELLA BRAVISSIMA,1849445.0,BELISSIMO M,34453.0,2019,Westfälisches Pferdestammbuch e.V.,276441410769019,,1621156.0,1,,False
302,2429509,LAYENNE,,,,,,60.0,LANDJONKER S,546005.0,CAYENE,589876.0,CALIDO I,417.0,2019,Oldenburg International,,,1372426.0,2,,False
303,2429384,C,,,,,,12.0,COLMAN,17031.0,CALIDA,1938081.0,CALIDO I,417.0,2019,Hannoveraner Verband e.V,DE43131665519,,1367220.0,0,,False
304,2429383,C,,,,,,12.0,COLMAN,17031.0,CALIDA,714127.0,CALIDO I,417.0,2019,Hannoveraner Verband e.V,DE43131665519,,1367219.0,0,,False
305,2429376,JAVOTTE DES CHABANNES,,,,,,10.0,,,SURPRISE DES ISLOTS,2146173.0,CHELLANO Z,12701.0,2019,Selle Francais,,,1367069.0,2,,False
306,2429339,BALOU-BOY-HF,,,,,,7.0,BALOU STAR,500191.0,NO REGRETS II,2011000.0,KANNAN GFE,42058.0,2019,Anglo European Studbook,,,1365836.0,0,,False
307,2429335,LUCKY MOON,,,,,,5.0,LONDON'S BEST,1650000.0,REBELLE MOON Z,1573836.0,REBEL II Z,2518.0,2019,Zangersheide,,,1365798.0,0,,False
308,2429319,ONBEK,,,,,,426.0,,,,,,,2019,Onbekend,,,1617838.0,2,,False
309,2429254,ONBEK,,,,,,7.0,,,,,,,2019,Anglo European Studbook,,,1363722.0,0,,False
310,2429222,ZEPPE,,,,,,7.0,,,,,,,2019,Anglo European Studbook,,,1362913.0,48,,False
311,2429087,B...,,,,,,426.0,BONAPARTE,315321.0,,,,,2019,Onbekend,,,1360862.0,48,,False
312,2428991,OLIVIA VAN LANGE WEEREN,,,,,,1.0,GUNNER KS,1563109.0,ZYNOUX VAN LANGE WEEREN,233363.0,KRACK C,1460.0,2019,KWPN (Royal Dutch Sporthorse),528003201904047,,1359500.0,2,,False
313,2428990,OLIVIA VAN LANGE WEEREN,,,,,,1.0,GUNNER KS,1563109.0,ZYNOUX VAN LANGE WEEREN,233363.0,KRACK C,1460.0,2019,KWPN (Royal Dutch Sporthorse),528003201904047,,1359499.0,2,,False
314,2428909,MARILYN MONROE,,,,,,2.0,DIAMANT DE SEMILLY,33956.0,GRACIA,1901914.0,CARTHAGO,2441.0,2019,Holsteiner Verband,DE421000521819,,1358837.0,2,,False
315,2428907,HELS CARAVAGGIO,,,,,,80.0,CASCADELLO I,713566.0,DIANA 1153,2137562.0,DINKEN,1532809.0,2019,Norwegian Warmblood Association,,,1358771.0,0,,False
316,2428817,ONCE UPON A TIME EC,,,,,,1.0,COHINOOR VDL,1680222.0,BANBA,2136384.0,OVIDIUS,5196.0,2019,KWPN (Royal Dutch Sporthorse),528003201900974,,1357549.0,2,,False
317,2428739,OBSESSION,,,,,,1.0,,,CALITA,105421.0,CARDINO,56295.0,2019,KWPN (Royal Dutch Sporthorse),,,1356668.0,0,,False
318,2428684,OSINA TREN,,,,,,1.0,FALAISE DE MUZE,271751.0,SYBERSINAA,27304.0,CORLAND,4.0,2019,KWPN (Royal Dutch Sporthorse),528003201909027,,1356161.0,2,,False
319,2428337,ZEUS,,,,,,13.0,ZOOM,1623095.0,DORSELS FEINE FRIEDA,1590271.0,FLORESCO NRW,169665.0,2019,Westfälisches Pferdestammbuch e.V.,276441410453919,,1621155.0,1,,False
320,2428252,SUDDER,,,,,,60.0,,,,,,,2019,Oldenburg International,,,1350025.0,0,,False
321,2428238,VERSAILLES,,,,,,55.0,,,DECADENCE,654284.0,DROSSELKLANG II,29588.0,2019,Stud-Book du Cheval de Selle Luxembourgeois ( S.C.S.L.),442001000001119,,1349834.0,2,,False
322,2428237,VERSAILLES,,,,,,55.0,,,DECADENCE,654284.0,DROSSELKLANG II,29588.0,2019,Stud-Book du Cheval de Selle Luxembourgeois ( S.C.S.L.),442001000001119,,1349833.0,2,,False
323,2428236,VERSAILLES,,,,,,55.0,,,DECADENCE,654284.0,DROSSELKLANG II,29588.0,2019,Stud-Book du Cheval de Selle Luxembourgeois ( S.C.S.L.),442001000001119,,1349832.0,2,,False
324,2428235,VERSAILLES,,,,,,55.0,,,DECADENCE,654284.0,DROSSELKLANG II,29588.0,2019,Stud-Book du Cheval de Selle Luxembourgeois ( S.C.S.L.),442001000001119,,1349831.0,2,,False
325,2428170,MEGGY TEZORO,,,,,,448.0,,,DONA,2127284.0,CHAZAR,2124654.0,2019,Slovak Warmblood (SVKWB),703098100003309,,1349110.0,2,,False
326,2428102,HAPPY HOOKER STS,,,,,,5.0,HEATHROW 3,1941656.0,QUANDICE DE KERGLENN,1502888.0,DIAMANT DE SEMILLY,33956.0,2019,Zangersheide,056015Z55372219,,1348270.0,2,,False
327,2427869,CLAIRE Z,,,,,,5.0,CHESTER Z,324867.0,ABEL LADY Z,1647095.0,ABELTUS Z,8733.0,2019,Zangersheide,,,1343474.0,2,,False
328,2427789,OVASTRONA,,,,,,1.0,INCOGNITO,1794987.0,RAVASTRONA,46237.0,LANCET,1523.0,2019,KWPN (Royal Dutch Sporthorse),528003201905111,,1341877.0,2,,False
329,2427788,ONBEK,,,,,,5.0,,,,,,,2019,Zangersheide,,,1341874.0,2,,False
330,2427748,C,,,,,,60.0,CORNET OBOLENSKY,34480.0,QUANTAS AIR,2119339.0,QUIDAM DE REVEL,1061.0,2019,Oldenburg International,,,1340586.0,0,,False
331,2427731,ONDINE DE BAUGY,,,,,,1.0,IMPALA DES FONTAINES,104620.0,UDINE DES FONTAINES,1840516.0,JUMPY DES FONTAINES,1259.0,2019,KWPN (Royal Dutch Sporthorse),528003201902351,,1340075.0,2,,False
332,2427702,X,,,,,,468.0,FELLOW L,548782.0,ONBEK,2427701.0,,,2019,New Zealand Hanoverian Society,,,1339055.0,0,,False
333,2427696,RBR GYMNOPEDIE123,,,,,,17.0,GLASGOW-W V H MERELSNEST,537301.0,ACAROLE DO REFUGIO,535297.0,AZTECA VDL,267396.0,2019,Brasileiro de Hipismo,,,1338804.0,2,,False
334,2427622,ONBEK,,,,,,,,,,,,,2019,,,,1337038.0,0,,False
335,2427543,LEOVYDO L'ESPOIRE Z,,,,,,5.0,LUIGI D'ECLIPSE,657962.0,LEOVY L'ESPOIRE,1861148.0,LASPARI,442901.0,2019,Zangersheide,,,1335736.0,0,,False
336,2427541,COMANCHE,,,,,,32.0,,,JOLINE,467462.0,JAGUAR MAIL,98115.0,2019,Finnish Warmblood,246001H00191501,,1335700.0,0,,False
337,2427540,COMANCHE,,,,,,32.0,CANTONA TN,1568466.0,JOLINE,467462.0,JAGUAR MAIL,98115.0,2019,Finnish Warmblood,246001H00191501,,1335699.0,0,,False
338,2427416,JANE BIRKIN,,,,,,515.0,ACONTENDER M,267173.0,CALAMITY JANE,468420.0,QUASIMODO VAN DE MOLENDREEF,56812.0,2019,Sella Italiano UNIRE,,,1334494.0,2,,False
339,2427414,ORCHIDEE V,,,,,,1.0,JARDONNAY VDL,1886243.0,BANGELO V,692535.0,TANGELO VAN DE ZUUTHOEVE,2723.0,2019,KWPN (Royal Dutch Sporthorse),,,1334472.0,2,,False
340,2427299,NICKY EEN,,,,,,1.0,IN STYLE,1716231.0,BAMBOLI Z WH,443226.0,KRACK C,1460.0,2019,KWPN (Royal Dutch Sporthorse),,,1332325.0,0,,False
341,2427256,ONBEK,,,,,,6.0,,,,,,,2019,Oldenburger Verband,DE433330635019,,1331496.0,2,,False
342,2427254,ONBEK,,,,,,5.0,,,,,,,2019,Zangersheide,056015Z55495019,,1331449.0,0,,False
343,2427232,OXFORD,,,,,,1.0,,,,,,,2019,KWPN (Royal Dutch Sporthorse),,,1330767.0,0,,False
344,2427199,GODIETA'S ROMEO,,,,,,7.0,SSF ROMEO,2108827.0,GODIETA-G,680760.0,JOHNSON,43580.0,2019,Anglo European Studbook,826002190885748,,1330239.0,0,,False
345,2427194,O,,,,,,1.0,POKER DE MARIPOSA TN,1969522.0,FORAGE-K,2029263.0,CHELLO III,267172.0,2019,KWPN (Royal Dutch Sporthorse),528003201902930,,1330179.0,0,,False
346,2427190,ONBEK,,,,,,5.0,,,,,,,2019,Zangersheide,056015Z55545719,,1329807.0,2,,False
347,2427189,JAZZ SOHNS D K Z,,,,,,5.0,,,JAMOSE,1665774.0,GUIDAM SOHN,80310.0,2019,Zangersheide,056015Z55546019,,1329799.0,2,,False
348,2427188,JAZZ SOHNS D K Z,,,,,,5.0,JAZZ DE COQUERIE,160732.0,JAMOSE,1665774.0,GUIDAM SOHN,80310.0,2019,Zangersheide,528224001130479,,1329798.0,2,,False
349,2427187,JOLYS GALOUBET K Z,,,,,,5.0,,,LUNE DE L'ERMITAGE,581753.0,GALOUBET A,2181.0,2019,Zangersheide,056015Z55544019,,1329792.0,2,,False
350,2427085,O,,,,,,1.0,ZIROCCO BLUE VDL,170812.0,ULINA DU ROUET,183541.0,BALOUBET DU ROUET,2859.0,2019,KWPN (Royal Dutch Sporthorse),528003201907332,,1326094.0,2,,False
351,2427067,OLIVIER,,,,,,1.0,KEVIN,2091715.0,VERONA,1831576.0,RUDY B,285974.0,2019,KWPN (Royal Dutch Sporthorse),528003201903762,,1325899.0,0,,False
352,2427060,ORLANDO DV,,,,,,1.0,INAICO VDL,1657632.0,WALUDINE,212696.0,GOODTIMES,472.0,2019,KWPN (Royal Dutch Sporthorse),528003201902858,,1325816.0,0,,False
353,2427054,OGEMMIE,,,,,,1.0,JUKEBOX,1886252.0,UGEMMIE,79793.0,FRENCH BUFFET XX,835.0,2019,KWPN (Royal Dutch Sporthorse),528003201907661,,1325662.0,2,,False
354,2427040,OLIVIA DELIN,,,,,,3.0,MILFORD VDL,1956127.0,KELLY DELIN,1745861.0,FAIRYTALE,1540249.0,2019,NRPS,528008201900208,,1325403.0,2,,False
355,2427014,SUDDER,,,,,,1.0,,,,,,,2019,KWPN (Royal Dutch Sporthorse),,,1324397.0,2,,False
356,2427009,OAKLEY OFF GOLD,,,,,,1.0,FONTAINE TN,1916233.0,HEART OF GOLD,1820480.0,BON BRAVOUR,364745.0,2019,KWPN (Royal Dutch Sporthorse),528003201901159,,1324147.0,2,,False
357,2426990,ORANGE IS THE NEW BLACK,,,,,,1.0,SPRINGBANK II VH,1792091.0,GOODHEART,1740135.0,TOTILAS,162411.0,2019,KWPN (Royal Dutch Sporthorse),528003201900926,,1323842.0,0,,False
358,2426968,ORESME VAN DE WATERMOLEN,,,,,,1.0,CARAMBOLE,160621.0,NAOMI,147774.0,CANTUS,418.0,2019,KWPN (Royal Dutch Sporthorse),528003201904970,,1323499.0,0,,False
359,2426967,O ZO SPECIAL,,,,,,1.0,I'M SPECIAL DE MUZE,653584.0,TANAGRA M,113619.0,CALVADOS,704.0,2019,KWPN (Royal Dutch Sporthorse),528003201901459,,1323490.0,0,,False
360,2426931,OLIJFJE TROJKA S,,,,,,1.0,ZIROCCO BLUE VDL,170812.0,TROJKA DML,71800.0,EMILION,2936.0,2019,KWPN (Royal Dutch Sporthorse),528003201904319,,1322405.0,2,,False
361,2426925,FS DARNEY,,,,,,14.0,TENTERHOFS DASH DANCE,1860366.0,FS LADY DI,2425805.0,MEGGLE'S FS LENNOX LOUIS,284405.0,2019,Rheinland,276431430616019,,1621183.0,1,,False
362,2426900,LORENZO,,,,,,13.0,,,RENOVATE XX,1491830.0,BEHRENS XX,1491831.0,2019,Westfälisches Pferdestammbuch e.V.,,,1321043.0,1,,False
363,2426883,DESIGNED TO DANCE,,,,DR,,489.0,DATING AT,2052049.0,VELINA,2205614.0,VINCENT,2205616.0,2019,Deutsches Reitpony,276441410392919,,1620538.0,0,,False
364,2426841,EMPEROR VAN HET KOONENRIJK K.,,,,,,13.0,EHRENPREIS NRW,40329.0,ROYAL RICCIA,727738.0,RICCIO NRW,18564.0,2019,Westfälisches Pferdestammbuch e.V.,DE441410764119,,1319112.0,0,,False
365,2426840,EMPEROR VAN HET KOONENRIJK K.,,,,,,13.0,EHRENPREIS NRW,40329.0,ROYAL RICCIA,727738.0,RICCIO NRW,18564.0,2019,Westfälisches Pferdestammbuch e.V.,DE441410764119,,1319111.0,0,,False
366,2426839,EMPEROR VAN HET KOONENRIJK K.,,,,,,13.0,EHRENPREIS NRW,40329.0,ROYAL RICCIA,727738.0,RICCIO NRW,18564.0,2019,Westfälisches Pferdestammbuch e.V.,DE441410764119,,1319110.0,0,,False
367,2426838,EMPEROR VAN HET KOONENRIJK K.,,,,,,13.0,EHRENPREIS NRW,40329.0,ROYAL RICCIA,727738.0,RICCIO NRW,18564.0,2019,Westfälisches Pferdestammbuch e.V.,DE441410764119,,1319109.0,0,,False
368,2426837,EMPEROR VAN HET KOONENRIJK K.,,,,,,13.0,EHRENPREIS NRW,40329.0,ROYAL RICCIA,727738.0,RICCIO NRW,18564.0,2019,Westfälisches Pferdestammbuch e.V.,DE441410764119,,1319108.0,0,,False
369,2426836,EMPEROR VAN HET KOONENRIJK K.,,,,,,13.0,EHRENPREIS NRW,40329.0,ROYAL RICCIA,727738.0,RICCIO NRW,18564.0,2019,Westfälisches Pferdestammbuch e.V.,DE441410764119,,1319107.0,0,,False
370,2426745,HARRIS PARK EINSTEIN,,,,,,85.0,HPW EMMETT RW,1675502.0,RAUTAI'S PRINCESS XX,2014626.0,KING RAUTAI XX,2014618.0,2019,Australian Warmblood Horse Association,,,1316853.0,0,,False
371,2426717,RIA BELLA PROOSTHOF,,,,,,7.0,RICHEBOURG,13609.0,PIA BELLA PROOSTHOF Z,1797216.0,POLLUX DE MUZE Z,708281.0,2019,Anglo European Studbook,,,1315684.0,2,,False
372,2426716,HELENA 111,,,,,,7.0,EL BARONE 111 Z,1551979.0,HADICHA VAN DE MARSWEG,1594837.0,CHATMAN,40816.0,2019,Anglo European Studbook,826002190886872,,1315683.0,2,,False
373,2426664,CHURCHILL,,,,,,60.0,CANTURO,21910.0,,,,,2019,Oldenburg International,DE418181085319,,1313568.0,0,,False
374,2426610,ENTRE NOUS EDC Z,,,,,,5.0,EMERALD VAN 'T RUYTERSHOF,196504.0,JERICHO,1722527.0,ECHO VAN HET NEERENBOSCH,174460.0,2019,Zangersheide,056015Z55208919,,1312211.0,0,,False
375,2426609,ENTRE NOUS EDC Z,,,,,,5.0,EMERALD VAN 'T RUYTERSHOF,196504.0,JERICHO,1722527.0,ECHO VAN HET NEERENBOSCH,174460.0,2019,Zangersheide,056015Z55208919,,1312210.0,0,,False
376,2426556,TWERLY THEODOOR123,,,,,,5.0,TWISTER DE LA POMME,496677.0,NEW BALANCE VAN 'T MEULENHOF,2009600.0,ELVIS TER PUTTE,175041.0,2019,Zangersheide,056015Z55019319,,1310908.0,0,,False
377,2426544,OMAR BRADLEY,,,,,,1.0,JUST WIMPHOF,1635374.0,DIADEEM L,584830.0,GRIBALDI,937.0,2019,KWPN (Royal Dutch Sporthorse),528003201903647,,1310823.0,0,,False
378,2426539,CHECK GETRICIA VAN BEEK,,,,,,5.0,VIVA LA VIDA Z,1969790.0,GETRICIA I,636199.0,HOS D'O,510908.0,2019,Zangersheide,,,1310735.0,2,,False
379,2426538,OPUS INCERTUM DES ANGES,,,,,,1.0,HABANNA,1773198.0,JERIANA,1903573.0,ROUSSEAU,2640.0,2019,KWPN (Royal Dutch Sporthorse),528003201910223,,1310718.0,2,,False
380,2426535,ORAKELS PROMISE JV,,,,,,1.0,,,,,,,2019,KWPN (Royal Dutch Sporthorse),,,1310681.0,0,,False
381,2426493,JETJE VAN HETJE,,,,,,117.0,TOTILAS,162411.0,MARIETJE,402390.0,GERARD,111111.0,2019,Belgian Warmblood Breeding Association USA,,,1309814.0,2,,False
382,2426468,ONBEK,,,,,,1.0,,,,,,,2019,KWPN (Royal Dutch Sporthorse),528003201909427,,1308876.0,2,,False
383,2426453,OSAKA,,,,,,7.0,HEMMINGWAY,2994.0,VANESSA II DE LAUZELLE,196441.0,SKIPPY II,2676.0,2019,Anglo European Studbook,,,1308460.0,2,,False
384,2426414,CHACOLETTA DZ,,,,,,13.0,CHACFLY PS,1861501.0,LACRIMA DE LA JAY,2032172.0,LAMOUREUX I,115262.0,2019,Westfälisches Pferdestammbuch e.V.,DE441410874919,,1308160.0,2,,False
385,2426375,ONBEK,,,,,,426.0,,,,,,,2019,Onbekend,,,1307763.0,0,,False
386,2426325,CHECK,,,,,,12.0,CORNET OBOLENSKY,34480.0,AMSEL,2426317.0,ARPEGGIO,34427.0,2019,Hannoveraner Verband e.V,276431316763519,,1620621.0,1,,False
387,2426310,FERENTANO B,,,,,,13.0,FÜRST SAMARANT,1958401.0,RAMONA,2426229.0,RATIONAL,729169.0,2019,Westfälisches Pferdestammbuch e.V.,276441410994219,,1620618.0,1,,False
388,2426275,EMBRYO OUT OF HER GENUIS BY VIVINO,,,,,,7.0,VIVINO,2020907.0,,,,,2019,Anglo European Studbook,,,1305543.0,2,,False
389,2426253,OMAR,,,,,,1.0,MARLON,1764.0,WILDA,3616.0,RIGOLETTO,877.0,2019,KWPN (Royal Dutch Sporthorse),,,1305242.0,0,,False
390,2426251,MR JOKO,,,,,,468.0,,,,,,,2019,New Zealand Hanoverian Society,,,1305101.0,0,,False
391,2426248,Q-VERDITINO,,,,,,1.0,VERDI TN,43162.0,V-MONA LISA,1920397.0,CARETINO,481.0,2019,KWPN (Royal Dutch Sporthorse),,,1305066.0,0,,False
392,2426235,OZIRGINIA,,,,,,1.0,DAILY DIAMOND,1662132.0,ZIRGINIA,152421.0,SCANDIC,6981.0,2019,KWPN (Royal Dutch Sporthorse),,,1304797.0,2,,False
393,2426230,ZSA ZSA DONNA,,,,,,13.0,ZINEDREAM,1873067.0,LADY SPEZI,1870642.0,LORD PEZI,81965.0,2019,Westfälisches Pferdestammbuch e.V.,,,1620616.0,2,,False
394,2426217,PROMISED GIRL SAM,,,,,,1.0,POMMEROL DE MUZE,1969485.0,AMAZING GIRL,320476.0,DOLLAR DU MURIER,54871.0,2019,KWPN (Royal Dutch Sporthorse),,,1304155.0,2,,False
395,2426161,MAGIC-STAR,,,,,,2.0,TALOUBET Z,85845.0,KAROLINE I,85297.0,COR DE LA BRYERE,6.0,2019,Holsteiner Verband,,,1302280.0,2,,False
396,2426146,JACQUELINE,,,,,,519.0,HEILINE'S ZANZIER,1586742.0,JUKA,2081252.0,HINDUS,2081251.0,2019,Polish Half Bred Horse (SP),,,1301675.0,2,,False
397,2426145,JACQUELINE,,,,,,519.0,HEILINE'S ZANZIER,1586742.0,,,,,2019,Polish Half Bred Horse (SP),,,1301669.0,50,,False
398,2426138,BERONA MB Z,,,,,,5.0,BAMAKO DE MUZE,272900.0,JERONA,1925693.0,HARLEY VDL,21517.0,2019,Zangersheide,056015Z55283019,,1301170.0,2,,False
399,2426132,OONAH DINE TF,,,,,,1.0,FÜRST JAZZ,1586603.0,ZAFRADINE,172454.0,AMIDOU,105686.0,2019,KWPN (Royal Dutch Sporthorse),528003201900360,,1300684.0,2,,False
400,2426088,HERONA CZ Z,,,,,,5.0,HEARTBEAT,124388.0,COLANDA C,531563.0,IRCOLANDO,9931.0,2019,Zangersheide,056015Z55164819,,1298390.0,2,,False
401,2426035,ONBEK,,,,,,,,,,,,,2019,,,,1296577.0,0,,False
402,2426027,TALINE VAN DE PEERDEBLOOK,,,,,,4.0,DON VHP Z N.O.P.,655537.0,INSELLIEBE V/D PEERDEBLOOK,324691.0,CLEARWAY,72434.0,2019,BWP (Belgium Warmblood),,,1296123.0,2,,False
403,2425989,OVANTA,,,,,,1.0,FOR FERRERO,1614426.0,COVANTA,228932.0,OSCAR,2281.0,2019,KWPN (Royal Dutch Sporthorse),528003201900417,,1294775.0,2,,False
404,2425981,SALKANTAY SBE,,,,,,6.0,DEMIREL 2,409565.0,DIAMAND,2017699.0,DEMIREL 2,409565.0,2019,Oldenburger Verband,,,1294699.0,0,,False
405,2425979,ORDANDO,,,,,,1.0,JOHNSON,43580.0,ROXCELLA,42228.0,GRIBALDI,937.0,2019,KWPN (Royal Dutch Sporthorse),528003201902739,,1294621.0,0,,False
406,2425966,OKILLY B,,,,,,1.0,UNTOUCHED,484828.0,MOKILLY D Z,1806234.0,MR. BLUE,1885.0,2019,KWPN (Royal Dutch Sporthorse),528003201900068,,1294075.0,2,,False
407,2425960,ONBEK,,,,,,1.0,,,,,,,2019,KWPN (Royal Dutch Sporthorse),528003201901812,,1293799.0,2,,False
408,2425945,BOUNTY,,,,,,7.0,BEST OFF UNIEK Z,2042120.0,DOLLY,2062723.0,DAKAR TN,318077.0,2019,Anglo European Studbook,,,1293072.0,0,,False
409,2425923,ORANGINI VAN DE NETHE,,,,,,1.0,VITALIS,231342.0,FENDI,1569001.0,BORDEAUX,364438.0,2019,KWPN (Royal Dutch Sporthorse),,,1292429.0,2,,False
410,2425918,THE BEST IS D'ACHRONTE,,,,,,515.0,CASALL,49609.0,THE MASTER PIECE D'ACHERONTE,751295.0,CHIN CHIN,2361.0,2019,Sella Italiano UNIRE,,,1292228.0,0,,False
411,2425910,ONBEK,,,,,,1.0,,,,,,,2019,KWPN (Royal Dutch Sporthorse),528003201905977,,1292005.0,2,,False
412,2425905,PRESTIGE PS Z,,,,,,5.0,PEGASE VAN 'T RUYTERSHOF,1969457.0,VERONIQUE D,1728093.0,VA-VITE,42372.0,2019,Zangersheide,,,1291924.0,0,,False
413,2425899,OKLAHOMA PAULOWNA,,,,,,1.0,POKER DE MARIPOSA TN,1969522.0,CALIFORNIE-S Z,71860.0,CARTHAGO,2441.0,2019,KWPN (Royal Dutch Sporthorse),,,1291656.0,2,,False
414,2425887,ONBEK,,,,,,,,,,,,,2019,,,,1291197.0,2,,False
415,2425882,ORCHIDEE VANKLUIZERHEIDE,,,,,,1.0,BLUE HORS FARRELL,638374.0,DALIDA VAN PAEMEL,1535672.0,DE NIRO,3254.0,2019,KWPN (Royal Dutch Sporthorse),528003201904189,,1291099.0,2,,False
416,2425880,ONBEK,,,,,,,,,,,,,2019,,,,1291089.0,2,,False
417,2425854,TUMBLR,,,,,,5.0,TANGELO VAN DE ZUUTHOEVE,2723.0,GOOGLE VAN HET DOORNHOF,337122.0,ORLANDO,6939.0,2019,Zangersheide,,,1290090.0,0,,False
418,2425853,TUMBLR,,,,,,5.0,TANGELO VAN DE ZUUTHOEVE,2723.0,GOOGLE VAN HET DOORNHOF,337122.0,ORLANDO,6939.0,2019,Zangersheide,,,1290089.0,0,,False
419,2425851,OTUMPA PM,,,,,,1.0,,,CHANEL,1876211.0,DAREDEVIL,48482.0,2019,KWPN (Royal Dutch Sporthorse),,,1290033.0,2,,False
420,2425845,DARIA TP,DARIA,,,,,1.0,DIAMANT DE SEMILLY,33956.0,K.BALOUBETTA TP,1725679.0,BALOUBET DU ROUET,2859.0,2019,KWPN (Royal Dutch Sporthorse),,,1289874.0,2,,False
421,2425836,D,,,,,,,DIAMANTE FINO,1706299.0,ELSA,206915.0,LASANDOS,14392.0,2019,,,,1289716.0,1,,False
422,2425810,ONBEK,,,,,,1.0,,,,,,,2019,KWPN (Royal Dutch Sporthorse),,,1289169.0,0,,False
423,2425807,ONBEK,,,,,,12.0,,,,,,,2019,Hannoveraner Verband e.V,,,1289064.0,0,,False
424,2425799,DARIA TP,DARIA,,,,,1.0,DIAMANT DE SEMILLY,33956.0,K.BALOUBETTA TP,1725679.0,BALOUBET DU ROUET,2859.0,2019,KWPN (Royal Dutch Sporthorse),,,1288689.0,2,,False
425,2425789,ONBEK,DARIA TP,,,,,,,,,,,,2019,,,,1288518.0,2,,False
426,2425787,ONBEK,,,,,,1.0,,,,,,,2019,KWPN (Royal Dutch Sporthorse),,,1288379.0,2,,False
427,2425784,ORCHIDEE,,,,,,1.0,KENSINGTON ES,1775702.0,RHEA,2060036.0,RODERICH,15509.0,2019,KWPN (Royal Dutch Sporthorse),528003201904173,,1288213.0,0,,False
428,2425723,CARY Z,,,,,,5.0,CRACK,1535512.0,T-CORANDORRA,141087.0,CORRADO II,38431.0,2019,Zangersheide,,,1287064.0,0,,False
429,2425722,ONBEK,,,,,,426.0,,,,,,,2019,Onbekend,,,1286983.0,0,,False
430,2425711,ONBEK,,,,,,10.0,,,,,,,2019,Selle Francais,,,1286723.0,0,,False
431,2425700,TOBERLINA B,,,,,,4.0,TORNADO,4670.0,IBERLINA RV,1567397.0,DENZEL V'T MEULENHOF,540375.0,2019,BWP (Belgium Warmblood),,,1286515.0,2,,False
432,2425698,OLYVIA MFF,,,,,,24.0,FINDUS,1477800.0,RALMA,220839.0,INDOCTRO,1937.0,2019,KWPN North America,,,1286455.0,2,,False
433,2425681,OBSIDIAN NW,,,,,,1.0,EBONY,584451.0,DIWANDA,1489805.0,FLORENCIO I,6935.0,2019,KWPN (Royal Dutch Sporthorse),528003201903436,,1285817.0,0,,False
434,2425680,AARHOF'S COLORITO,,,,,,29.0,COLORE,465392.0,AARHOF'S INDIRA,1779162.0,INDOCTRO,1937.0,2019,Swiss Warmblood (Zuchtverband CH-Sportpferde),,,1285780.0,0,,False
435,2425677,ODIE,,,,,,1.0,FÜRST JAZZ,1586603.0,ILABANDA,1572845.0,CONTANGO,6551.0,2019,KWPN (Royal Dutch Sporthorse),201901305,,1285686.0,0,,False
436,2425676,WINNIE PS,,,,,,3.0,PAINTED PRIDE,1901196.0,PMF NIKITA,2066019.0,PALOUSA-STURDY FELLOW,2066016.0,2019,NRPS,528008201900018,,1285669.0,2,,False
437,2425673,JOLIE MERVEILLE DE NEROLI,,,,,,10.0,BIG STAR,240686.0,CHIARA D'ARGENT,1603250.0,FETICHE DU PAS,70737.0,2019,Selle Francais,,,1285623.0,2,,False
438,2425660,ONBEK,,,,,,29.0,,,,,,,2019,Swiss Warmblood (Zuchtverband CH-Sportpferde),,,1285208.0,2,,False
439,2425654,ONBEK,,,,,,36.0,,,,,,,2019,Polish Wielkopolska Bred (WLKP),,,1285058.0,0,,False
440,2425652,ONBEK,,,,,,34.0,,,,,,,2019,Hungarian Sport Horse Breeders Association,,,1285053.0,2,,False
441,2425596,O-ELINN,OELINN,O ELINN,,,,1.0,AMADEO VAN 'T VOSSENHOF Z,1562160.0,K-ELINN,1783997.0,GRAND SLAM VDL,1596264.0,2019,KWPN (Royal Dutch Sporthorse),,,1284518.0,2,,False
442,2425579,ONBEK,,,,,,,,,,,,,2019,,,,1283634.0,0,,False
443,2425574,O-ELINN,,,,,,1.0,AMADEO VAN 'T VOSSENHOF Z,1562160.0,K-ELINN,1783997.0,GRAND SLAM VDL,1596264.0,2019,KWPN (Royal Dutch Sporthorse),,,1283385.0,2,,False
444,2425548,K12345,,,,,,6.0,GLOCK'S KARDAM'S-WHISPER,1808349.0,ETERNAL FLAME K,1557026.0,EARL,17958.0,2019,Oldenburger Verband,,,1282485.0,0,,False
445,2425541,NEO,,,,,,1.0,DE NIRO GOLD,1805616.0,HRENDA,1498738.0,APACHE,266049.0,2019,KWPN (Royal Dutch Sporthorse),,,1282239.0,2,,False
446,2425536,C FZ,,,,,,1.0,CASALL,49609.0,ISTELLE VDL,1850905.0,KANNAN GFE,42058.0,2019,KWPN (Royal Dutch Sporthorse),,,1282121.0,0,,False
447,2425521,CAILOR MOON VAN SUTTORF  MZ,,,,,,5.0,CLARIMO,84550.0,BLOESEM,315401.0,UNANIEM,22119.0,2019,Zangersheide,056015Z55152319,,1281267.0,2,,False
448,2425516,ONBEK,,,,,,1.0,,,,,,,2019,KWPN (Royal Dutch Sporthorse),,,1281104.0,0,,False
449,2425515,COMISKEY SR,,,,,,2.0,COMME IL FAUT,285153.0,GOLDDIGGER SR,1723285.0,NABAB DE REVE,13035.0,2019,Holsteiner Verband,,,1281102.0,0,,False
450,2425512,J...,,,,,,10.0,MYLORD CARTHAGO,102258.0,CHACCY ANNE,1915110.0,CHACCO-BLUE,118901.0,2019,Selle Francais,,,1280979.0,0,,False
451,2425479,ONLY ONE,I'M SPECIAL DE MUZE,MERMUS R,JOOST,,,1.0,,,VUBERTHA,63064.0,MERMUS R,1800.0,2019,KWPN (Royal Dutch Sporthorse),,,1279511.0,2,,False
452,2425477,HERCULES V&K,,,,,,60.0,HARLEY VDL,21517.0,UPGRADE TO CALIFORNIA V&K,1958859.0,UP TO DATE,28542.0,2019,Oldenburg International,,,1279472.0,0,,False
453,2425476,THORSAGARDENS GLADYS,,,,,,20.0,GLASGOW-W V H MERELSNEST,537301.0,IFARIM,1560683.0,MODESTO,5551.0,2019,Swedish Warmblood,,,1279417.0,2,,False
454,2425475,OROLA P&M,,,,,,1.0,BALOUBET DU ROUET,2859.0,KAROLA P&M,1726381.0,DUTCH CAPITOL,3825.0,2019,KWPN (Royal Dutch Sporthorse),,,1279299.0,2,,False
455,2425467,COLOSO SM,,,,,,84.0,COLMAN,17031.0,CASILDA,1898008.0,CASALL,49609.0,2019,La Silla - Mexico,,,1279035.0,0,,False
456,2425458,O'SAFFIERA JEWELY ROSE JVR,,,,,,3.0,JUSTIN,1565354.0,CANCAN,295929.0,KRACK C,1460.0,2019,NRPS,,,1278643.0,2,,False
457,2425457,O'SAFFIERA JEWELY ROSE JVR,,,,,,3.0,JUSTIN,1565354.0,CANCAN,295929.0,KRACK C,1460.0,2019,NRPS,,,1278642.0,2,,False
458,2425456,O'SAFFIERA JEWELY ROSE JVR,,,,,,3.0,JUSTIN,1565354.0,CANCAN,295929.0,KRACK C,1460.0,2019,NRPS,,,1278641.0,2,,False
459,2425450,OKILLY B,,,,,,1.0,UNTOUCHED,484828.0,MOKILLY Z,2425449.0,MR. BLUE,1885.0,2019,KWPN (Royal Dutch Sporthorse),528003201900068,,1278312.0,2,,False
460,2425440,CORDOBES FZ,,,,,,5.0,CORNET OBOLENSKY,34480.0,NICE & SWEET D'IVE Z,1736342.0,NABAB DE REVE,13035.0,2019,Zangersheide,,,1277976.0,0,,False
461,2425439,TUUR VAN DE CALCHIE,,,,,,4.0,ELDORADO VAN DE ZESHOEK TN,174917.0,JULIETTE DIAMANT Z,164651.0,JOUYEUX ARDENT,115751.0,2019,BWP (Belgium Warmblood),,,1277919.0,0,,False
462,2425422,CHACKY FZ Z,,,,,,5.0,CHACCO-BLUE,118901.0,GITANA DEL TERRICCIO,161340.0,FOR PLEASURE,15154.0,2019,Zangersheide,,,1277347.0,0,,False
463,2425419,LITTORIA IMPERO,,,,,,515.0,CASALL,49609.0,ANKA II,357846.0,CASSINI I,443.0,2019,Sella Italiano UNIRE,,,1277147.0,0,,False
464,2425418,ORANDE DM,,,,,,1.0,FOR FERRERO,1614426.0,KIRANDE VDM,2019941.0,FAIRYTALE,1540249.0,2019,KWPN (Royal Dutch Sporthorse),528003201901307,,1277141.0,2,,False
465,2425404,COMMANDER SR Z,,,,,,5.0,COMBAT SR,1721343.0,COMTESSA,1548179.0,CONTENDER,467.0,2019,Zangersheide,,,1276477.0,0,,False
466,2425403,JACK VD ZEIJERWEG Z,,,,,,5.0,JACK DANIELS EB,1885215.0,IRUSA-S,1675904.0,CARRERA VDL,367669.0,2019,Zangersheide,,,1276119.0,0,,False
467,2425390,ONBEK,,,,,,,,,,,,,2019,,,,1275272.0,2,,False
468,2425386,CHACCOLETTA DE LA JAY,,,,,,13.0,CHACFLY PS,1861501.0,LACRIMA DE LA JAY,2032172.0,LAMOUREUX I,115262.0,2019,Westfälisches Pferdestammbuch e.V.,DE441410874919,,1275183.0,2,,False
469,2425384,STUTE,,,,,,13.0,FLY HIGH I,22573.0,RUBIOSA 3,1993050.0,RUBIN ROYAL OLD,15186.0,2019,Westfälisches Pferdestammbuch e.V.,,,1274888.0,2,,False
470,2425374,EMBRIO,,,,,,515.0,CHACCO-BLUE,118901.0,AQUINA FZ,442860.0,ACORADO I,21095.0,2019,Sella Italiano UNIRE,,,1274605.0,0,,False
471,2425368,MASURCA SM,,,,,,84.0,MAPLE SM,1830391.0,SARATOGA SM,1839311.0,SEMILLY LAS PALMAS,467328.0,2019,La Silla - Mexico,,,1274422.0,2,,False
472,2425367,SUDDER,,,,,,8.0,,,,,,,2019,Trakehner,,,1274369.0,2,,False
473,2425353,O,,,,,,1.0,DESPERADO N.O.P.,615677.0,WAIKIKI,111978.0,FUTURE,16982.0,2019,KWPN (Royal Dutch Sporthorse),,,1274081.0,2,,False
474,2425279,CORNETINA SR,,,,,,2.0,CORNET OBOLENSKY,34480.0,CASSINA SR,1882399.0,CASALL,49609.0,2019,Holsteiner Verband,,,1273302.0,2,,False
475,2425278,CORNETINA SR,,,,,,2.0,CORNET OBOLENSKY,34480.0,CASSINA SR,1882399.0,CASALL,49609.0,2019,Holsteiner Verband,,,1273300.0,2,,False
476,2425277,CORNETINA SR,,,,,,2.0,CORNET OBOLENSKY,34480.0,CASSINA SR,1882399.0,CASALL,49609.0,2019,Holsteiner Verband,,,1273299.0,2,,False
477,2425276,CORNETINA SR,,,,,,2.0,CORNET OBOLENSKY,34480.0,CASSINA SR,1882399.0,CASALL,49609.0,2019,Holsteiner Verband,,,1273298.0,2,,False
478,2425130,ONBEK,,,,,,1.0,,,,,,,2019,KWPN (Royal Dutch Sporthorse),201900098,,1269349.0,2,,False
479,2425089,TRALALA,,,,,,1.0,VERDI TN,43162.0,K-ELINN,1783997.0,GRAND SLAM VDL,1596264.0,2019,KWPN (Royal Dutch Sporthorse),,,1267853.0,0,,False
480,2425062,ONBEK,,,,,,23.0,,,,,,,2019,Danish Warmblood,,,1267133.0,2,,False
481,2425061,ONBEK,,,,,,23.0,,,,,,,2019,Danish Warmblood,,,1267132.0,2,,False
482,2424992,EMBRYO 2019-XX,,,,,,10.0,CORNET OBOLENSKY,34480.0,ECLIPSE GIRL,1663725.0,KANNAN GFE,42058.0,2019,Selle Francais,,,1264880.0,0,,False
483,2424965,EMBRYO 2019,,,,,,4.0,CHACCO-BLUE,118901.0,CENTA DE MUZE,100190.0,CENTO,5123.0,2019,BWP (Belgium Warmblood),,,1263835.0,3,,False
484,2424909,TWIN EMBRYO,,,,,,1.0,DIAMANT DE SEMILLY,33956.0,KATITZI LN,1716432.0,KANNAN GFE,42058.0,2019,KWPN (Royal Dutch Sporthorse),,,1261910.0,2,,False
485,2424896,DARK DIAMOND P,,,,,,12.0,DREAMLINE,1613634.0,RUBY TUESDAY,1658621.0,ROTSPON,20445.0,2019,Hannoveraner Verband e.V,276431310674919,,1620510.0,1,,False
486,2424872,JANTJEJANSEN,,,,,,133.0,AMADEO VAN 'T VOSSENHOF Z,1562160.0,K-ELINN,1783997.0,GRAND SLAM VDL,1596264.0,2019,BWBS Warmblood Breeders Studbook – UK,,,1260045.0,2,,False
487,2424871,OUDE GRIEP Z,,,,,,5.0,AMADEO VAN 'T VOSSENHOF Z,1562160.0,K-ELINN,1783997.0,GRAND SLAM VDL,1596264.0,2019,Zangersheide,,,1260013.0,0,,False
488,2424802,FREUDENPRINZ,,,,,,13.0,FINEST,1583514.0,DERBYNACHT,2420606.0,DON GIROVANNI,570478.0,2019,Westfälisches Pferdestammbuch e.V.,276456560181119,,1620614.0,1,,False
489,2424607,SUPERGIRL,,,,,Staatsprämie,13.0,SIR HEINRICH,615636.0,LEONIE,1668025.0,LAUREUS NRW,475353.0,2019,Westfälisches Pferdestammbuch e.V.,276441410734919,,1620503.0,2,,False
490,2421507,M,,,,,,2.0,CLARKSVILLE,1865885.0,WHISPER SPOOKY,347988.0,CRISTO,98498.0,2019,Holsteiner Verband,276421000068319,,1619208.0,2,,False
491,2420208,S,,,,,,2.0,SANDRO JUNIOR,1947888.0,TOKANA,478678.0,CORRADO I,916.0,2019,Holsteiner Verband,276421000011719,,1617403.0,0,,False
492,2417690,BELLINO,,,,,,13.0,BELISSIMO M,34453.0,DIE MEYER,2209357.0,DIATANO,415988.0,2019,Westfälisches Pferdestammbuch e.V.,276441410692219,,1620612.0,1,,False
493,2417565,M,,,,,,2.0,ORIGI D'O,1661292.0,NORA XI,722238.0,CORIANO,13051.0,2019,Holsteiner Verband,276421000066419,,1619866.0,2,,False
494,2416323,MADEIRA,,,,,,13.0,MARACANA,1958422.0,DE NOIRE,2416189.0,DE NIRO,3254.0,2019,Westfälisches Pferdestammbuch e.V.,276441411102419,,1620608.0,2,,False
495,2413902,CALL MY AGENT PS,,,,,,60.0,CHACOON BLUE,1691083.0,ANNETTI,1959923.0,BALOU DU ROUET,8240.0,2019,Oldenburg International,,,1622664.0,1,,False
496,2413693,BLUERAY PS,,,,,,60.0,BALOUTAIRE PS,1971813.0,STAKKARETINA,2257721.0,STAKKATOL,285812.0,2019,Oldenburg International,,,1622661.0,1,,False
497,2413531,TAMIRO BLUE PS,,,,,,60.0,TALAN,108859.0,CHAMIRA 4,1601659.0,CHACCO-BLUE,118901.0,2019,Oldenburg International,,,1622660.0,1,,False
498,2413447,CHACELLO FLY PS,,,,,,60.0,CHACFLY PS,1861501.0,BAGELLA,2177195.0,BALOU DU ROUET,8240.0,2019,Oldenburg International,,,1622658.0,1,,False
499,2412714,CALONDIO PS,,,,,,60.0,CASALLCO,699923.0,LONDENTA'S ADEL PS,2134781.0,GLOCK'S LONDON,117863.0,2019,Oldenburg International,,,1622657.0,1,,False
